CODICEIDENTIFICATIVOFARMACIA;CODFARMACIAASSEGNATODAASL;INDIRIZZO;DESCRIZIONEFARMACIA;PARTITAIVA;CAP;CODICECOMUNEISTAT;DESCRIZIONECOMUNE;FRAZIONE;CODICEPROVINCIAISTAT;SIGLAPROVINCIA;DESCRIZIONEPROVINCIA;CODICEREGIONE;DESCRIZIONEREGIONE;DATAINIZIOVALIDITA;DATAFINEVALIDITA;DESCRIZIONETIPOLOGIA;CODICETIPOLOGIA;LATITUDINE;LONGITUDINE;LOCALIZE
9082;0;Via G. Branca, 62;AMOROSO SACCHETTA GIOVANNI;424570588;153;58091;ROMA;-;58;RM;ROMA;120;LAZIO;01/01/2005;30/09/2010;Ordinaria;1;41.92368;12.57115;1
9083;0;Via Tagliamento, 58/60;BONSIGNORI GIUSEPPE;1405530583;198;58091;ROMA;-;58;RM;ROMA;120;LAZIO;01/01/2005;-;Ordinaria;1;41.46143;12.68864;1
9084;0;Via dei Serpenti, 177;ENEI LILIANA;988150587;184;58091;ROMA;-;58;RM;ROMA;120;LAZIO;01/07/2007;-;Ordinaria;1;41.89616;12.4902;1
9085;0;Isola Tiberina, 39;FATEBENEFRATELLI;989031000;186;58091;ROMA;-;58;RM;ROMA;120;LAZIO;01/10/2010;28/02/2013;Ordinaria;1;41.92368;12.57115;1
9086;0;Piazza San Cosimato, 34-35 (Mercato);EREDI DR. CARLO PELLEGRINI;12579131009;153;58091;ROMA;-;58;RM;ROMA;120;LAZIO;01/03/2013;31/03/2015;Ordinaria;1;41.88618;12.46935;1
9087;0;Via Nazionale, 228;PIRAM SERGIO;-;184;58091;ROMA;-;58;RM;ROMA;120;LAZIO;01/01/2005;31/12/2007;Ordinaria;1;41.89846;12.48979;1
9088;0;Via S. Gallicano, 23;SAN GALLICANO IFO 319;1033011006;153;58091;ROMA;-;58;RM;ROMA;120;LAZIO;01/01/2005;-;Ordinaria;1;41.92368;12.57115;1
9089;0;Via del Corso, 498;SAN GIACOMO SNC DI TOMADINI GIUSEPPINA;10337271000;186;58091;ROMA;-;58;RM;ROMA;120;LAZIO;01/01/2010;-;Ordinaria;1;41.89907;12.48121;1
9090;0;Via del Gambero, 13 A;ANTICHE FARMACIE DELLA DR.SSA EMANUELA SBARIGIA & C. SAS;7013881003;187;58091;ROMA;-;58;RM;ROMA;120;LAZIO;01/10/2010;30/06/2011;Ordinaria;1;41.90305;12.48039;1
9091;0;Via Gargano, 50;SEVERI PAOLO;271430589;141;58091;ROMA;-;58;RM;ROMA;120;LAZIO;01/01/2005;-;Ordinaria;1;41.93548;12.53437;1
9092;0;P.za S. Lorenzo in Lucina, 27;SANTACROCE LIDIA;1036350583;186;58091;ROMA;-;58;RM;ROMA;120;LAZIO;01/01/2005;31/12/2009;Ordinaria;1;41.92368;12.57115;1
9093;0;Piazza Lecce, 13/14;VITI NICOLA;9097340583;161;58091;ROMA;-;58;RM;ROMA;120;LAZIO;01/01/2005;31/12/2007;Ordinaria;1;41.91071;12.51601;1
9094;0;Via Pantelleria, 13;LUGANO DI DANIELA COSTANZO & C. SAS;5798621008;141;58091;ROMA;-;58;RM;ROMA;120;LAZIO;01/01/2015;28/02/2015;Ordinaria;1;41.46021;12.67441;1
9095;0;Via di Capo Le Case, 47;SANTI ANNA LAURA;765920582;187;58091;ROMA;-;58;RM;ROMA;120;LAZIO;01/01/2005;-;Ordinaria;1;41.92368;12.57115;1
9096;0;Viale Parioli, 78/80;PARIOLI - MARIA TERESA FERRANTI E RECCHI FRANCESCHINI RINALDO SAS;12726921005;197;58091;ROMA;-;58;RM;ROMA;120;LAZIO;01/10/2010;28/02/2015;Ordinaria;1;41.92954;12.48386;1
9097;0;V.le Regina Margherita, 221/223;EREDI DI MINELLI GIANNI SDF;448190587;198;58091;ROMA;-;58;RM;ROMA;120;LAZIO;01/01/2005;31/08/2010;Ordinaria;1;41.80978;12.68084;1
9098;0;Via Rapagnano, 2;EREDI SIMEONI LUIGI;8932711008;138;58091;ROMA;-;58;RM;ROMA;120;LAZIO;01/06/2006;-;Ordinaria;1;41.98293;12.51333;1
9099;0;Via G.B. Morgagni, 30;VITI DE ANGELIS FRANCESCO PAOLO CLAUDIO;567501002;161;58091;ROMA;-;58;RM;ROMA;120;LAZIO;01/01/2005;31/01/2008;Ordinaria;1;41.92368;12.57115;1
9100;0;Piazza di Trevi, 89;CIOTTI ALESSANDRA;9052501005;187;58091;ROMA;-;58;RM;ROMA;120;LAZIO;01/04/2007;-;Ordinaria;1;41.90106;12.48291;1
9101;0;Via Migiurtina, 43/45;CHIMENTI BRUNO;949980585;199;58091;ROMA;-;58;RM;ROMA;120;LAZIO;01/10/2010;-;Ordinaria;1;41.93044;12.52167;1
9102;0;Via Libia, 225-227;SAN STANISLAO SAS DI ROMEO CARMELA GIULIA & C. SAS;12439401006;199;58091;ROMA;-;58;RM;ROMA;120;LAZIO;01/04/2015;-;Ordinaria;1;41.92368;12.57115;1
9103;0;Via Ettore Romagnoli, 76/78;SERLENGA TOMMASO;2386100586;137;58091;ROMA;-;58;RM;ROMA;120;LAZIO;01/01/2005;-;Ordinaria;1;41.94348;12.54768;1
9104;0;Via Montaione, 68/70;TINARI VALERIO;1978970562;139;58091;ROMA;-;58;RM;ROMA;120;LAZIO;01/04/2010;-;Ordinaria;1;41.92368;12.57115;1
9105;0;Via Val di Non, 10;MIGLIORINO MARIA GABRIELLA;-;141;58091;ROMA;-;58;RM;ROMA;120;LAZIO;01/01/2005;31/12/2007;Ordinaria;1;41.92368;12.57115;1
9106;0;Largo Arenula, 36;BEDINI GIULIANA;10017011007;186;58091;ROMA;-;58;RM;ROMA;120;LAZIO;01/09/2008;28/02/2013;Ordinaria;1;41.89496;12.47609;1
9107;0;Via S. Francesco a Ripa, 131;GIORGI MARCO;618970586;153;58091;ROMA;-;58;RM;ROMA;120;LAZIO;01/01/2005;31/05/2013;Ordinaria;1;41.92368;12.57115;1
9108;0;Via D. Morichini, 24/26;DE BELLA FRANCESCO;8939510585;161;58091;ROMA;-;58;RM;ROMA;120;LAZIO;01/01/2005;30/09/2010;Ordinaria;1;41.92368;12.57115;1
9109;0;Via S. Croce in Gerusalemme, 22/A;STRAMPELLI SAS;11591621005;185;58091;ROMA;-;58;RM;ROMA;120;LAZIO;01/07/2012;-;Ordinaria;1;41.92368;12.57115;1
9110;0;Via Radicofani, 206/a (B.ta Fidene);CALVANI SNC DI CASELLI SERGIO E CIAMBELLINI MAURIZIO;9575261004;138;58091;ROMA;-;58;RM;ROMA;120;LAZIO;01/01/2008;-;Ordinaria;1;41.92368;12.57115;1
9111;0;Viale Aventino, 78;MOSTACCI FRANCO;712260587;153;58091;ROMA;-;58;RM;ROMA;120;LAZIO;01/01/2005;-;Ordinaria;1;41.88228;12.48625;1
9112;0;Viale Somalia, 84 (Ang. Via Villa Chigi);CAPRINO FRANCO;3754821001;199;58091;ROMA;-;58;RM;ROMA;120;LAZIO;01/01/2005;30/09/2010;Ordinaria;1;41.92368;12.57115;1
9113;0;Via Priscilla, 79;TAGLIAVINI PAOLO;924610587;199;58091;ROMA;-;58;RM;ROMA;120;LAZIO;01/01/2005;-;Ordinaria;1;41.92368;12.57115;1
9114;0;Via G.Antamoro, 86/b;VALENTINI MASSIMO;825481005;137;58091;ROMA;-;58;RM;ROMA;120;LAZIO;01/01/2005;-;Ordinaria;1;41.92368;12.57115;1
9115;0;Viale XXI Aprile, 31;EREDI MANCINI DI LORENZO MANCINI;13104841005;162;58091;ROMA;-;58;RM;ROMA;120;LAZIO;01/01/2015;-;Ordinaria;1;41.92368;12.57115;1
9116;0;Via G. Pacini, 15;BAGNARELLI MASSIMO;1066780584;198;58091;ROMA;-;58;RM;ROMA;120;LAZIO;01/09/2010;-;Ordinaria;1;41.92368;12.57115;1
9117;0;Via Gaverina, 14;GIOVANNINI SNC DI ESLISABETTA, MARTA E PAOLO;9939301009;166;58091;ROMA;-;58;RM;ROMA;120;LAZIO;01/03/2013;-;Ordinaria;1;41.9095;12.50124;1
9118;0;Via C. Fracassini, 26;GALLOTTA DOMENICO;1066790583;196;58091;ROMA;-;58;RM;ROMA;120;LAZIO;01/01/2005;-;Ordinaria;1;41.92368;12.57115;1
9119;0;P.le Ionio, 51/52;INESI ZELINDA;1057861005;141;58091;ROMA;-;58;RM;ROMA;120;LAZIO;01/01/2005;30/09/2010;Ordinaria;1;41.92368;12.57115;1
9120;0;Viale delle Provincie, 66;S. CARLO;7504710588;162;58091;ROMA;-;58;RM;ROMA;120;LAZIO;01/01/2005;-;Ordinaria;1;41.91141;12.52099;1
9121;0;Via della Croce, 11;Farmacia Eredi della dr.ssa Laura Maria Vittoria del dottor Vincenzo Crimi;10099081001;187;58091;ROMA;-;58;RM;ROMA;120;LAZIO;01/07/2008;31/08/2011;Ordinaria;1;41.71954;12.66981;1
9122;0;Via Val Sassina, 36;PICCIONI TITO;9250861003;141;58091;ROMA;-;58;RM;ROMA;120;LAZIO;01/07/2007;-;Ordinaria;1;41.93525;12.52774;1
9123;0;Via Cimone, 119/a;FABRIZI GIULIANO;1419350580;141;58091;ROMA;-;58;RM;ROMA;120;LAZIO;01/01/2005;-;Ordinaria;1;41.93113;12.53628;1
9124;0;Via Val di Fassa, 40/42;BETA EREDI DOTT.BAVUSO CORRADO SDF;12783621001;141;58091;ROMA;-;58;RM;ROMA;120;LAZIO;01/10/2010;-;Ordinaria;1;41.45801;12.73303;1
9125;0;Corso Sempione, 16;SEMPIONE SNC R. RINALDI E. RINALDI E F. SCARPELLINI;6645591006;141;58091;ROMA;-;58;RM;ROMA;120;LAZIO;01/01/2005;-;Ordinaria;1;41.93511;12.53356;1
9126;0;P.za Manfredo Fanti, 36/37;RICCI ANNA LUCIA;-;185;58091;ROMA;-;58;RM;ROMA;120;LAZIO;01/01/2005;30/09/2010;Ordinaria;1;41.89757;12.50239;1
9127;0;Piazza Testaccio, 8;PRAGLIOLA ROBERTO;7511241007;153;58091;ROMA;-;58;RM;ROMA;120;LAZIO;01/01/2008;-;Ordinaria;1;41.87557;12.47127;1
9128;0;Via Valmelaina, 151;ZELLI MAURO;1610770586;139;58091;ROMA;-;58;RM;ROMA;120;LAZIO;01/01/2005;31/05/2015;Ordinaria;1;41.92368;12.57115;1
9129;0;Via Andersen, 50;SBARIGIA DR.SSA ANNA;-;168;58091;ROMA;-;58;RM;ROMA;120;LAZIO;01/03/2012;-;Ordinaria;1;41.924;12.40317;1
9130;0;Via dei Sabelli, 84;PINCHETTI MARCO;2396840585;185;58091;ROMA;-;58;RM;ROMA;120;LAZIO;01/01/2005;-;Ordinaria;1;41.89608;12.5136;1
9131;0;Via F. A. Gualterio, 50/c;FALLETTA SERAFINA;3067530588;139;58091;ROMA;-;58;RM;ROMA;120;LAZIO;01/01/2005;-;Ordinaria;1;41.92368;12.57115;1
9132;0;Piazza B. Cairoli, 5;EREDI DI GIANNANGELI DI MATTEO GIANNANGELI SNC;-;186;58091;ROMA;-;58;RM;ROMA;120;LAZIO;01/03/2013;-;Ordinaria;1;41.92368;12.57115;1
9133;0;Via Magliano Sabina, 25;BRIENZA BRUNA;3582370585;199;58091;ROMA;-;58;RM;ROMA;120;LAZIO;01/10/2010;-;Ordinaria;1;41.9348;12.5114;1
9134;0;Via Pacchiarotti, 34;PIANESI SAS DI LUCIA COPPOLA;3010010589;139;58091;ROMA;-;58;RM;ROMA;120;LAZIO;01/01/2005;-;Ordinaria;1;41.92368;12.57115;1
9135;0;Piazza Massa Carrara, 9;PONZI ENNIO SAS;10182371004;162;58091;ROMA;-;58;RM;ROMA;120;LAZIO;01/06/2015;-;Ordinaria;1;41.91792;12.52552;1
9136;0;Via Celimontana, 9/a;CELIMONTANA SNC DI ROCCO POLIMENI;10196801004;184;58091;ROMA;-;58;RM;ROMA;120;LAZIO;01/10/2009;31/05/2015;Ordinaria;1;41.88841;12.49645;1
9137;0;Via Tripoli, 145/B;IOCULANO DI DOMENICO IOCULANO SAS;9467481009;199;58091;ROMA;-;58;RM;ROMA;120;LAZIO;01/05/2008;-;Ordinaria;1;41.92368;12.57115;1
9138;0;Via Vezio Crisafulli, 8;LIMONE BIANCA;3278030584;166;58091;ROMA;-;58;RM;ROMA;120;LAZIO;01/01/2005;-;Ordinaria;1;41.89641;12.41154;1
9139;0;Via Nomentana, 564;GRAVINA SNC DI GIACOMO GRAVINA;3625800580;141;58091;ROMA;-;58;RM;ROMA;120;LAZIO;01/01/2005;30/09/2010;Ordinaria;1;41.93181;12.52784;1
9140;0;Via Anapo, 38/40;MESSINA MARIA;1482540588;199;58091;ROMA;-;58;RM;ROMA;120;LAZIO;01/01/2005;-;Ordinaria;1;41.92595;12.50746;1
9141;0;Via Fezzan, 16/18;LA ROSA FRANCESCO;1057861005;199;58091;ROMA;-;58;RM;ROMA;120;LAZIO;01/01/2005;31/08/2010;Ordinaria;1;41.92914;12.52384;1
9142;0;Via Banchi Vecchi, 24;CELESTINI GIANFRANCO;4676731005;186;58091;ROMA;-;58;RM;ROMA;120;LAZIO;01/01/2005;31/08/2010;Ordinaria;1;41.89799;12.46706;1
9143;0;Via Castelfidardo, 37;ALBO MARIA GRAZIA;4673360584;185;58091;ROMA;-;58;RM;ROMA;120;LAZIO;01/01/2005;28/02/2013;Ordinaria;1;41.90639;12.50104;1
9144;0;Via Salaria, 1492/B;FABBRI DARIA;3438510582;138;58091;ROMA;-;58;RM;ROMA;120;LAZIO;01/01/2005;30/09/2010;Ordinaria;1;41.92368;12.57115;1
9145;0;Via Emanuele Filiberto, 145;TRECCA MARIA;-;185;58091;ROMA;-;58;RM;ROMA;120;LAZIO;01/03/2009;31/05/2009;Ordinaria;1;41.89037;12.50671;1
9146;0;Corso Trieste, 167;MACCHIATI LORETTA;4884680580;198;58091;ROMA;-;58;RM;ROMA;120;LAZIO;01/01/2005;-;Ordinaria;1;41.92346;12.51451;1
9148;0;Piazza Conca D'Oro, 34/36;CONCA D'ORO DELLE DR.SSE A. CABELLA E E. INGUAGGIATO SNC;7097091008;141;58091;ROMA;-;58;RM;ROMA;120;LAZIO;01/01/2005;-;Ordinaria;1;41.92368;12.57115;1
9149;0;Viale Somalia, 235;SPAGNOLO VINCENZO;5006251002;199;58091;ROMA;-;58;RM;ROMA;120;LAZIO;01/01/2005;30/09/2010;Ordinaria;1;41.93565;12.51281;1
9150;0;Via R. Lanciani, 55;GUIDOTTI COSIMO;5110350583;162;58091;ROMA;-;58;RM;ROMA;120;LAZIO;01/01/2005;-;Ordinaria;1;41.92368;12.57115;1
9151;0;Piazza Istria, 8;MACCHIATI MANOELA;5252030589;198;58091;ROMA;-;58;RM;ROMA;120;LAZIO;01/01/2005;31/12/2011;Ordinaria;1;41.92368;12.57115;1
9152;0;Via Milano, 54;QUIRINALE  DR.SSA NISI MARIA CRISTINA;5271620584;184;58091;ROMA;-;58;RM;ROMA;120;LAZIO;01/01/2005;-;Ordinaria;1;42.14263;12.60513;1
9153;0;Via Ugo Ojetti, 102;MUZI SNC DI MUZI FABRIZIO;5266310589;137;58091;ROMA;-;58;RM;ROMA;120;LAZIO;01/01/2005;31/12/2009;Ordinaria;1;41.94648;12.55419;1
9154;0;Corso Vittorio Emanuele, 343;COMUNALE PONTE VITTORIO;7737160585;186;58091;ROMA;-;58;RM;ROMA;120;LAZIO;01/01/2005;31/08/2007;Ordinaria;1;41.72039;12.71308;1
9155;0;Via G. Caneva, 15-17;FARMACAP - COM.LE ANNUNZIATELLA II;6451830589;142;58091;ROMA;-;58;RM;ROMA;120;LAZIO;01/01/2005;30/04/2007;Ordinaria;1;41.83861;12.51528;1
9156;0;Piazza Monte Gennaro, 17/C;LEOPARDI EUGENIO;5957020588;139;58091;ROMA;-;58;RM;ROMA;120;LAZIO;01/09/2010;-;Ordinaria;1;41.92368;12.57115;1
9157;0;Viale XI Aprile, 42-42a;DURAZZANO DI RISCAZZI ALESSANDRA;12703191002;162;58091;ROMA;-;58;RM;ROMA;120;LAZIO;01/07/2011;-;Ordinaria;1;41.92368;12.57115;1
9158;0;Piazza Capranica, 96;ORLANDI GIOVANNA;6002900584;186;58091;ROMA;-;58;RM;ROMA;120;LAZIO;01/01/2005;-;Ordinaria;1;41.89994;12.47773;1
9159;0;Via Monte Sirino, 10;TRAVERSA PATRIZIA;6047540585;139;58091;ROMA;-;58;RM;ROMA;120;LAZIO;01/01/2005;-;Ordinaria;1;41.94999;12.53334;1
9160;0;Via Arenula, 73;LIPPI TULLIA;5614330586;186;58091;ROMA;-;58;RM;ROMA;120;LAZIO;01/01/2005;-;Ordinaria;1;41.89276;12.47512;1
9161;0;Viale Regina Margherita, 61/63;PIAZZA QUADRATA DEI DR.I MONGARDINI ROBERTO E SULIS MARILENA SNC;10656341004;198;58091;ROMA;-;58;RM;ROMA;120;LAZIO;01/01/2005;-;Ordinaria;1;41.80978;12.68084;1
9162;0;Viale Pinturicchio, 19/A;SBARIGIA SAS DI SUSANNA SBARIGIA E C.;12597631006;196;58091;ROMA;-;58;RM;ROMA;120;LAZIO;01/01/2005;-;Ordinaria;1;41.92368;12.57115;1
9163;0;Viale Jonio, 235;GRIMALDI ENZO;2477800581;141;58091;ROMA;-;58;RM;ROMA;120;LAZIO;01/01/2005;-;Ordinaria;1;41.94595;12.5257;1
9164;0;Via Monte Cervialto, 205;GALLOTTA SNC DI MARIA TERESA E MARCO GALLOTTA;10561381004;139;58091;ROMA;-;58;RM;ROMA;120;LAZIO;01/01/2008;-;Ordinaria;1;41.9586;12.52428;1
9165;0;Via Flaminia, 5/7;FRATELLI GUARNACCI SAS DI  DINO GUARNACCE E C.;10178441001;196;58091;ROMA;-;58;RM;ROMA;120;LAZIO;01/09/2009;-;Ordinaria;1;41.99891;12.49437;1
9166;0;Via Pannini, 37;FARMACIE GALLOTTA SNC DI MARIA TERESA E MARCO GALLOTTA;10561381004;196;58091;ROMA;-;58;RM;ROMA;120;LAZIO;01/07/2012;-;Ordinaria;1;41.92368;12.57115;1
9167;0;Corso Italia, 100;GELLINI DR.SSA CRISTINA FABRO;11486421008;198;58091;ROMA;-;58;RM;ROMA;120;LAZIO;01/10/2011;-;Ordinaria;1;41.4659;12.62762;1
9168;0;Piazzale Provincie, 8/a;CALUORI SNC DI LUCIA E CARLA CALUORI;5908751000;162;58091;ROMA;-;58;RM;ROMA;120;LAZIO;01/02/2008;-;Ordinaria;1;41.92368;12.57115;1
9169;0;Via G. Boccomini, 25;MORELLI SIMONETTA;6911510581;139;58091;ROMA;-;58;RM;ROMA;120;LAZIO;01/01/2005;-;Ordinaria;1;41.92368;12.57115;1
9170;0;Via M. di Lando, 84;FARMACRIMI APUANAIA DEL DR. VINCENZO CRIMI & C. SAS;9207911000;162;58091;ROMA;-;58;RM;ROMA;120;LAZIO;01/07/2007;28/02/2013;Ordinaria;1;41.92368;12.57115;1
9171;0;Viale Trastevere, 80/f;FRANCONE CARLA;6973890582;153;58091;ROMA;-;58;RM;ROMA;120;LAZIO;01/01/2005;30/06/2007;Ordinaria;1;41.88413;12.46976;1
9172;0;Corso Centocelle, 24/26;PALOMBO VINCENZO;6994791009;53;58032;CIVITAVECCHIA;-;58;RM;ROMA;120;LAZIO;01/01/2005;-;Ordinaria;1;42.09157;11.79377;1
9173;0;Viale Rossini, 70/72;SORRENTINO LUCIA;7097750587;198;58091;ROMA;-;58;RM;ROMA;120;LAZIO;01/01/2005;-;Ordinaria;1;41.72469;12.6566;1
9174;0;Centro Forum Stazione Termini;PELLEGRINI CLAUDIO;6820270582;185;58091;ROMA;-;58;RM;ROMA;120;LAZIO;01/03/2013;-;Ordinaria;1;41.92368;12.57115;1
9175;0;Via Crescenzio Conte di Sabina, 45;BUONASSISI DATTI GIUSEPPINA;3067530588;131;58091;ROMA;CASAL MONASTERO;58;RM;ROMA;120;LAZIO;01/01/2005;30/09/2010;Ordinaria;1;41.92368;12.57115;1
9176;0;Via G. Ciaralli, 13;VALLE MASSIMO;7293750589;156;58091;ROMA;-;58;RM;ROMA;120;LAZIO;01/01/2005;-;Ordinaria;1;41.92368;12.57115;1
9177;0;Via Bulgaria, 35;VILLAGGIO OLIMPICO DR.SSA NATI ALESSANDRA;7394440585;196;58091;ROMA;-;58;RM;ROMA;120;LAZIO;01/01/2005;-;Ordinaria;1;41.93344;12.47406;1
9178;0;Largo Bargellini, 35;SOFIA ANGELA ANTONIA;7433910580;142;58091;ROMA;-;58;RM;ROMA;120;LAZIO;01/10/2010;-;Ordinaria;1;41.92368;12.57115;1
9179;0;Via Ripetta, 254-255;RIPETTA DR. CAMPONESCHI CLAUDIO;7404500584;186;58091;ROMA;-;58;RM;ROMA;120;LAZIO;01/01/2005;-;Ordinaria;1;41.90946;12.47617;1
9180;0;Viale Val Padana, 73;DELLE VALLI SNC DI GAETANO PEDULLA' E MARIA LUISA ROVERE & C.;7499960586;141;58091;ROMA;-;58;RM;ROMA;120;LAZIO;01/10/2010;-;Ordinaria;1;41.94272;12.5235;1
9181;0;Via Barberini, 63;LEBANO M.A. & C. SNC;7447681003;187;58091;ROMA;-;58;RM;ROMA;120;LAZIO;01/01/2005;31/01/2015;Ordinaria;1;41.90472;12.49219;1
9182;0;Via dei Sardi, 29;SABATINI RAOUL;7360010586;185;58091;ROMA;-;58;RM;ROMA;120;LAZIO;01/01/2005;-;Ordinaria;1;41.89709;12.51643;1
9183;0;Via dei Campi Flegrei, 11;BRUNETTA GIUSEPPE;7787210587;141;58091;ROMA;-;58;RM;ROMA;120;LAZIO;01/01/2008;-;Ordinaria;1;41.93253;12.52732;1
9184;0;Viale Marco Polo, 35;GREGORINI ANNA ROSA;-;154;58091;ROMA;-;58;RM;ROMA;120;LAZIO;01/01/2005;-;Ordinaria;1;41.87534;12.48452;1
9185;0;Via Radicofani, 147;FLORIO MARIASSUNTA;7737160585;138;58091;ROMA;-;58;RM;ROMA;120;LAZIO;01/01/2005;-;Ordinaria;1;41.97702;12.50883;1
9186;0;Via F. D' Ovidio, 95/a;PASSALACQUA DEI DOTTORI CLAUDIO E CLAUDIA PASSALACQUA SNC;7992540588;137;58091;ROMA;-;58;RM;ROMA;120;LAZIO;01/03/2013;-;Ordinaria;1;41.92368;12.57115;1
9187;0;Piazza dei Cinquecento, 49-ang.Via Cavour, 2;JUCCI MARIA CLOTILDE;8042670581;184;58091;ROMA;-;58;RM;ROMA;120;LAZIO;01/01/2005;-;Ordinaria;1;41.92368;12.57115;1
9188;0;Corso Vittorio Emanuele, 36;LANZETTA MARIA ASSUNTA;8139270584;186;58091;ROMA;-;58;RM;ROMA;120;LAZIO;01/01/2005;-;Ordinaria;1;41.72039;12.71308;1
9189;0;Via Val di Cogne, 4;GALIMI WALTER;8138190585;141;58091;ROMA;-;58;RM;ROMA;120;LAZIO;01/01/2005;-;Ordinaria;1;41.92368;12.57115;1
9190;0;Via Isole Curzolane, 172/A;CELANI DI CELANI SERGIO E C. SNC;4621891003;139;58091;ROMA;-;58;RM;ROMA;120;LAZIO;01/01/2005;31/08/2010;Ordinaria;1;41.94956;12.52914;1
9191;0;Via dei Prati Fiscali, 278;GULLI' DOMENICA;8273480585;141;58091;ROMA;-;58;RM;ROMA;120;LAZIO;01/01/2005;30/06/2007;Ordinaria;1;41.92368;12.57115;1
9192;0;Via A. Valenzani, 20;TONINELLI SIMONETTA;8393070589;187;58091;ROMA;-;58;RM;ROMA;120;LAZIO;01/01/2005;-;Ordinaria;1;41.92368;12.57115;1
9193;0;Viale Eritrea, 32 a;LO GIUDICE GIUSEPPE;8595080584;199;58091;ROMA;-;58;RM;ROMA;120;LAZIO;01/01/2005;-;Ordinaria;1;41.92684;12.51594;1
9194;0;Via Chelini, 34;BOSCARINO LUCIA;1414120582;197;58091;ROMA;-;58;RM;ROMA;120;LAZIO;01/01/2005;28/02/2011;Ordinaria;1;41.92368;12.57115;1
9195;0;Via A. De Pretis, 89-Ang. Piazza del Viminale, 23;VIMINALE;8516280586;184;58091;ROMA;-;58;RM;ROMA;120;LAZIO;01/01/2005;-;Ordinaria;1;41.92368;12.57115;1
9196;0;Piazza Sonnino, 47;SARCINELLI MAURIZIO;8468670586;153;58091;ROMA;-;58;RM;ROMA;120;LAZIO;01/01/2005;-;Ordinaria;1;41.92368;12.57115;1
9197;0;Piazza Bologna, 19/20;PIAZZA BOLOGNA  & C. SAS;9529441009;162;58091;ROMA;-;58;RM;ROMA;120;LAZIO;01/10/2007;-;Ordinaria;1;41.91398;12.52098;1
9198;0;Via Tor Millina, 6;TOR MILINA SAS DI PALERMO ANTONIO;8655630583;186;58091;ROMA;-;58;RM;ROMA;120;LAZIO;01/10/2010;30/09/2014;Ordinaria;1;41.92368;12.57115;1
9199;0;Piazza dell'Ateneo Salesiano, 48;CAMPOLO ANGELA MARIA;3412680583;139;58091;ROMA;-;58;RM;ROMA;120;LAZIO;01/01/2005;30/04/2009;Ordinaria;1;41.95948;12.52339;1
9200;0;Piazza di Spagna, 30;SPAGNA DI MENCARELLI FILIPPO E C. SAS;8676530580;187;58091;ROMA;-;58;RM;ROMA;120;LAZIO;01/03/2013;-;Ordinaria;1;41.90661;12.4816;1
9201;0;Via Flaminia, 115/117;GRILLI ANGELA;-;196;58091;ROMA;-;58;RM;ROMA;120;LAZIO;01/01/2005;-;Ordinaria;1;41.99891;12.49437;1
9202;0;Via Gigi Chessa, 364;CHIMENTI COSTANTINO ALDO;8197590584;125;58091;ROMA;ACILIA;58;RM;ROMA;120;LAZIO;01/01/2005;-;Ordinaria;1;41.77439;12.3792;1
9203;0;Via M. B. Tosatti, 39;GHINOZZI PAOLA;8273540586;137;58091;ROMA;-;58;RM;ROMA;120;LAZIO;01/01/2005;-;Ordinaria;1;41.92368;12.57115;1
9204;0;Viale Libia, 114;CATARINELLA MARIO;4534321007;199;58091;ROMA;-;58;RM;ROMA;120;LAZIO;01/01/2005;31/08/2010;Ordinaria;1;41.45042;12.6203;1
9205;0;Via Urbana, 11;SAVELLI LUIGINA;8963740587;184;58091;ROMA;-;58;RM;ROMA;120;LAZIO;01/01/2005;-;Ordinaria;1;41.89917;12.49661;1
9206;0;Via Lorenzo Il Magnifico, 114/B;PERROTTA MARIA AMABILE;1466930581;162;58091;ROMA;-;58;RM;ROMA;120;LAZIO;01/01/2005;31/12/2007;Ordinaria;1;41.91091;12.52881;1
9207;0;Via Q. Sella, 28;LUCIDI SILVIA;9118310581;187;58091;ROMA;-;58;RM;ROMA;120;LAZIO;01/01/2005;29/02/2012;Ordinaria;1;41.92368;12.57115;1
9208;0;Via G. Ponzi, 13;MOCHI ZAMPEROLI MICHELA;9154140587;197;58091;ROMA;-;58;RM;ROMA;120;LAZIO;01/01/2005;-;Ordinaria;1;41.92368;12.57115;1
9209;0;Via Villa S. Filippo, 18;VITA FABRIZIO;9266030585;197;58091;ROMA;-;58;RM;ROMA;120;LAZIO;01/01/2005;-;Ordinaria;1;41.92722;12.4925;1
9210;0;Piazza S. Maria in Trastevere, 7;RELLECATI FABRIZIO;9284720589;153;58091;ROMA;-;58;RM;ROMA;120;LAZIO;01/01/2005;-;Ordinaria;1;41.92368;12.57115;1
9211;0;Via Merulana, 185/187;MERULANA DI G. GUERRA-B. DEL PIO SNC;4211761004;185;58091;ROMA;-;58;RM;ROMA;120;LAZIO;01/01/2005;-;Ordinaria;1;41.89676;12.49934;1
9212;0;Via A. Cabrini, 32;IURLO RITA;9323110586;139;58091;ROMA;-;58;RM;ROMA;120;LAZIO;01/01/2005;-;Ordinaria;1;41.92368;12.57115;1
9213;0;Via Marsala, 29;SOLFERINO - BELLUSCIO LAURA;9166680588;185;58091;ROMA;-;58;RM;ROMA;120;LAZIO;01/01/2005;31/08/2011;Ordinaria;1;41.8989;12.50785;1
9214;0;Piazza S. Maria della Scala, 23;PIZZI NICOLFRANCO GIULIANO;7584491000;153;58091;ROMA;-;58;RM;ROMA;120;LAZIO;01/01/2005;28/02/2013;Ordinaria;1;41.90151;12.46077;1
9215;0;Via Lorenzo il Magnifico, 60;SETTIMI ROBERTO;9427780581;162;58091;ROMA;-;58;RM;ROMA;120;LAZIO;01/01/2005;31/05/2013;Ordinaria;1;41.91091;12.52881;1
9216;0;Via Gioberti, 79;ESQUILINO SNC-SCIARRA MARIA PIA;4377131000;185;58091;ROMA;-;58;RM;ROMA;120;LAZIO;01/01/2005;-;Ordinaria;1;41.89867;12.50042;1
9217;0;Via E. Filiberto, 28/30;DE SANCTIS GIOVANNI;9154140587;185;58091;ROMA;-;58;RM;ROMA;120;LAZIO;01/01/2005;31/08/2010;Ordinaria;1;41.92368;12.57115;1
9218;0;Piazza Barberini, 49;CERVINI TERESA;9472630582;187;58091;ROMA;-;58;RM;ROMA;120;LAZIO;01/01/2008;-;Ordinaria;1;41.90418;12.48878;1
9219;0;Via Gramsci, 1;DE ANGELIS AMALIA;8777490585;197;58091;ROMA;-;58;RM;ROMA;120;LAZIO;01/01/2005;31/08/2010;Ordinaria;1;41.76065;12.70899;1
9220;0;Piazza Vittorio Emanuele, 116;CUZZOCREA ANTONINO;9539800582;185;58091;ROMA;-;58;RM;ROMA;120;LAZIO;01/09/2010;-;Ordinaria;1;41.89473;12.50252;1
9221;0;Via XX Settembre, 98/B;GIAMBENEDETTI ANTONIO;9598800580;187;58091;ROMA;-;58;RM;ROMA;120;LAZIO;01/01/2015;-;Ordinaria;1;41.90296;12.49217;1
9222;0;Via XX Settembre, 95/a;ALTESI-SQUARCIA G & POMPEI E SNC;420620585;187;58091;ROMA;-;58;RM;ROMA;120;LAZIO;01/01/2005;-;Ordinaria;1;41.90296;12.49217;1
9223;0;Via San Daniele del Friuli snc;ACQUALAGNA PATRIZIA;110391000;188;58091;ROMA;-;58;RM;ROMA;120;LAZIO;01/01/2005;30/09/2010;Ordinaria;1;41.92368;12.57115;1
9224;0;Piazza Vittorio Emanuele II, 46;LONGO MARIA E GIUSEPPE SNC;-;185;58091;ROMA;-;58;RM;ROMA;120;LAZIO;01/01/2005;31/05/2015;Ordinaria;1;41.89515;12.5049;1
9225;0;Via Marmorata, 133/135;MARMORATA-DE ANGELIS M. & C. SNC;3709560589;153;58091;ROMA;-;58;RM;ROMA;120;LAZIO;01/01/2005;30/09/2010;Ordinaria;1;41.88065;12.47783;1
9226;0;Via Giuseppe De Nava, 27;DAGUI' SILVESTRO;9667180583;139;58091;ROMA;-;58;RM;ROMA;120;LAZIO;01/01/2005;28/02/2013;Ordinaria;1;41.95117;12.51822;1
9227;0;Piazza Crati, 27;CUTTANO ANNA MARIA;9669880586;199;58091;ROMA;-;58;RM;ROMA;120;LAZIO;01/01/2008;-;Ordinaria;1;41.92707;12.50998;1
9228;0;Via Livorno, 27/a;MARIANI NATALINO;1884050608;162;58091;ROMA;-;58;RM;ROMA;120;LAZIO;01/01/2005;30/09/2011;Ordinaria;1;41.91495;12.52301;1
9229;0;Via Bertoloni, 5;TRE MADONNE;12240221007;197;58091;ROMA;-;58;RM;ROMA;120;LAZIO;01/04/2013;-;Ordinaria;1;41.92368;12.57115;1
9230;0;Via Amba Aradam, 23 A;FARMACIA AMBA ARADAM Dr. Rizzuti Ludovico;2519850792;144;58091;ROMA;-;58;RM;ROMA;120;LAZIO;01/01/2005;-;Ordinaria;1;42.0987;11.79408;1
9231;0;Corso Trieste, 6-8-8a;GAUDIO GIORGIO;9740870580;198;58091;ROMA;-;58;RM;ROMA;120;LAZIO;01/01/2005;30/09/2014;Ordinaria;1;41.92346;12.51451;1
9232;0;Corso Trieste, 78;LENZI MICHELE;9858850580;198;58091;ROMA;-;58;RM;ROMA;120;LAZIO;01/01/2005;-;Ordinaria;1;41.92346;12.51451;1
9233;0;Via S. Martino Battaglia, 10;INDIPENDENZA DOTT. ENRICO MATTIOLI;12634331008;185;58091;ROMA;-;58;RM;ROMA;120;LAZIO;01/01/2005;-;Ordinaria;1;41.9054;12.50393;1
9234;0;Via del Tritone, 16;MORREALE MARCO;9823070587;187;58091;ROMA;-;58;RM;ROMA;120;LAZIO;01/01/2005;-;Ordinaria;1;41.90315;12.48684;1
9235;0;Piazza Farnese, 42;GIORDANI PIERMARINO;9885280587;186;58091;ROMA;-;58;RM;ROMA;120;LAZIO;01/01/2005;-;Ordinaria;1;41.89507;12.47121;1
9236;0;Viale del Vignola, 99/A/B/C;MANNELLA SAS;11961541007;196;58091;ROMA;-;58;RM;ROMA;120;LAZIO;01/10/2012;-;Ordinaria;1;41.92596;12.46369;1
9237;0;Via Andrea Checci, 17/19;LATERANO;9914640587;137;58091;ROMA;-;58;RM;ROMA;120;LAZIO;01/01/2005;-;Ordinaria;1;41.92368;12.57115;1
9238;0;Via Piemonte, 95;SANTA CHIARA DI COLANGELO GISELLA E ZELLI BARTOLOMEO SNC;5006251002;187;58091;ROMA;-;58;RM;ROMA;120;LAZIO;01/01/2005;-;Ordinaria;1;41.46095;12.66312;1
9239;0;Via Salaria, 84/86/88;ORMEA DEI DR.I MARIELLA E GIAN BATTISTA ORMEA SNC;7754091002;198;58091;ROMA;-;58;RM;ROMA;120;LAZIO;01/01/2005;-;Ordinaria;1;41.98817;12.51172;1
9240;0;Via Piramide Cestia, 19/b;EREDI POMPEI ROBERTO;10356250588;153;58091;ROMA;-;58;RM;ROMA;120;LAZIO;01/01/2005;-;Ordinaria;1;41.87869;12.48304;1
9241;0;Via del Pozzetto, 110;DEL POZZETTO SNC;5169181004;187;58091;ROMA;-;58;RM;ROMA;120;LAZIO;01/01/2005;-;Ordinaria;1;41.90252;12.48213;1
9242;0;Via Tiburtina, 40;IOCULANO DI DOMENICO IOCULANO SAS;10147240583;185;58091;ROMA;-;58;RM;ROMA;120;LAZIO;01/01/2008;31/12/2011;Ordinaria;1;41.92368;12.57115;1
9243;0;Via Franco Sacchetti, 93;MARZOLI FRANCESCA;10240180587;137;58091;ROMA;-;58;RM;ROMA;120;LAZIO;01/01/2005;31/12/2014;Ordinaria;1;41.94873;12.54504;1
9244;0;Via Gustavo Cacini, 59;TOTINO PATRIZIA E ROBERTO SNC;5195571004;125;58091;ROMA;-;58;RM;ROMA;120;LAZIO;01/01/2005;-;Ordinaria;1;41.787;12.39287;1
9245;0;Via Alessandria, 101;GIROTTI FILIPPO;10124950584;198;58091;ROMA;-;58;RM;ROMA;120;LAZIO;01/01/2005;-;Ordinaria;1;41.92368;12.57115;1
9246;0;Largo Brancaccio, 65/67;TIOLI SNC DR.SSA FRANCA AITA E DOTT. ANDREA BABINI;-;184;58091;ROMA;-;58;RM;ROMA;120;LAZIO;01/01/2005;-;Ordinaria;1;41.89492;12.49937;1
9247;0;Via Emilia, 47;ROPERTO RAFFAELE;10522240588;187;58091;ROMA;-;58;RM;ROMA;120;LAZIO;01/01/2005;-;Ordinaria;1;41.90753;12.48861;1
9248;0;Via Nomentana, 939/R;CASINI ELENA;10628140583;137;58091;ROMA;-;58;RM;ROMA;120;LAZIO;01/01/2005;-;Ordinaria;1;41.92368;12.57115;1
9249;0;Via Po, 37;DAMIANI SNC DI GIORGIO E ALESSANDRO DAMIANI;5652731000;198;58091;ROMA;-;58;RM;ROMA;120;LAZIO;01/01/2005;-;Ordinaria;1;41.91762;12.49947;1
9250;0;P.za Verbano, 14;CARANI MARIA TERESA;3844820583;199;58091;ROMA;-;58;RM;ROMA;120;LAZIO;01/01/2005;30/06/2007;Ordinaria;1;41.92341;12.5074;1
9251;0;Viale Gorizia, 56/58;PARISI SNC DEI DOTTORI ALESSANDRO E SILVIA PARISI;5626951007;198;58091;ROMA;-;58;RM;ROMA;120;LAZIO;01/01/2005;-;Ordinaria;1;41.79745;12.60462;1
9252;0;Piazza Cardelli, 6/A;DELLA SCROFA DOTT. MARCO SERAFINO GUGLIELMO MARLETTA;9431860585;186;58091;ROMA;-;58;RM;ROMA;120;LAZIO;01/01/2005;30/06/2007;Ordinaria;1;41.90278;12.47525;1
9253;0;Viale Adriatico, 107/109;STRACUZZI MARIA ANGELA;9901900580;141;58091;ROMA;-;58;RM;ROMA;120;LAZIO;01/01/2005;-;Ordinaria;1;41.97283;12.04397;1
9254;0;Via del Corso, 242;LUCCHETTI MARCELLO;602811002;186;58091;ROMA;-;58;RM;ROMA;120;LAZIO;01/01/2005;31/07/2007;Ordinaria;1;41.89907;12.48121;1
9255;0;Corso Rinascimento, 50;SENATO;10772830583;186;58091;ROMA;-;58;RM;ROMA;120;LAZIO;01/01/2005;-;Ordinaria;1;41.92368;12.57115;1
9256;0;Via dei Serpenti, 125;BARTOLESCHI MARIA;10648650587;184;58091;ROMA;-;58;RM;ROMA;120;LAZIO;01/01/2008;-;Ordinaria;1;41.89616;12.4902;1
9257;0;Viale XXI Aprile, 2e 2f;SANTA RITA;9779000588;162;58091;ROMA;-;58;RM;ROMA;120;LAZIO;01/01/2005;31/08/2010;Ordinaria;1;41.92368;12.57115;1
9259;0;Corso Vittorio Emanuele, 174;LANGELI;5974361007;186;58091;ROMA;-;58;RM;ROMA;120;LAZIO;01/01/2005;-;Ordinaria;1;41.72039;12.71308;1
9260;0;Via Valdambrini, 89;COMUNALE SANTA MARINELLA;1142111002;58;58097;SANTA MARINELLA;-;58;RM;ROMA;120;LAZIO;01/01/2005;-;Ordinaria;1;42.04484;11.87363;1
9261;0;Via XX Settembre, 47;MISITI SAS DEL DR. WALTER MISITI E C.;11532471007;187;58091;ROMA;-;58;RM;ROMA;120;LAZIO;01/03/2013;-;Ordinaria;1;41.90296;12.49217;1
9262;0;Piazza Barberini, 10;BARBERINI Dr.i Gangemi Antonio e Rosa Snc;6096301004;187;58091;ROMA;-;58;RM;ROMA;120;LAZIO;01/01/2005;31/08/2010;Ordinaria;1;41.90366;12.48882;1
9263;0;Via dei Mille, 27;CASTRO PRETORIO DI LANZETTA M. TERESA E CARMEN MARIA SNC;6187301004;185;58091;ROMA;-;58;RM;ROMA;120;LAZIO;01/01/2005;-;Ordinaria;1;41.77557;12.60906;1
9264;0;Via Merulana, 208;COLLE OPPIO SNC DR.I PAGANO MARIANO PAOLO E LUCA;6196171000;185;58091;ROMA;-;58;RM;ROMA;120;LAZIO;01/01/2008;-;Ordinaria;1;41.89676;12.49934;1
9265;0;-;EREDI MONTELLA MARIA;8452101002;161;58091;ROMA;-;58;RM;ROMA;120;LAZIO;01/01/2005;31/05/2006;Ordinaria;1;41.91445;12.51446;1
9266;0;Piazza Filattiera, 6;MAMMARELLA ASSUNTA;12568881002;139;58091;ROMA;-;58;RM;ROMA;120;LAZIO;01/01/2005;-;Ordinaria;1;41.95816;12.51789;1
9267;0;Via Val Maira, 11/13/15;SANTA RITA DELLA DR.SSA MIGLIORINO RITA & C. SAS;6613421004;141;58091;ROMA;-;58;RM;ROMA;120;LAZIO;01/01/2005;-;Ordinaria;1;41.94412;12.51973;1
9268;0;Via Salaria, 288/a;SALARIA DR.SSA ANTONELLA CASTIELLO;6635581009;199;58091;ROMA;-;58;RM;ROMA;120;LAZIO;01/01/2005;-;Ordinaria;1;41.98817;12.51172;1
9269;0;Via Isole Curzolane, 31;PRATI FISCALI SAS DI LUIGI TANZI & C.;9527621008;139;58091;ROMA;-;58;RM;ROMA;120;LAZIO;01/02/2008;-;Ordinaria;1;41.92368;12.57115;1
9270;0;Via Principe Eugenio, 53 - 55;RUSSINO FRANCESCO;6677401009;185;58091;ROMA;-;58;RM;ROMA;120;LAZIO;01/06/2015;-;Ordinaria;1;41.89379;12.5082;1
9271;0;Via Nemorense, 182;S. EMERENZIANA DR. CAMISASCA DARIO;6689651005;199;58091;ROMA;-;58;RM;ROMA;120;LAZIO;01/01/2005;-;Ordinaria;1;41.72001;12.71963;1
9272;0;V.le Tirreno, 243;ALVINO DEI DR.I ANTONELLA ED ENRICO ALVINO SNC;6248531003;141;58091;ROMA;-;58;RM;ROMA;120;LAZIO;01/01/2005;30/09/2010;Ordinaria;1;41.94584;12.5254;1
9273;0;Via Sant'Angela Merici, 69;MAZZANTINI ALESSANDRA;8289171004;162;58091;ROMA;-;58;RM;ROMA;120;LAZIO;01/01/2008;-;Ordinaria;1;41.92287;12.52574;1
9274;0;Piazza della Repubblica, 67;REPUBBLICA DI CRISTINA ED ILEANA BARLETTA SNC;9028921006;185;58091;ROMA;-;58;RM;ROMA;120;LAZIO;01/07/2007;-;Ordinaria;1;41.90229;12.49562;1
9275;0;Largo Andrea Berardi, 1 - Ang. Via Petrocelli;CERILLI SAS DI ANDREA CERILLI;7122031003;173;58091;ROMA;-;58;RM;ROMA;120;LAZIO;01/03/2013;-;Ordinaria;1;41.92368;12.57115;1
9276;0;Via dello Statuto, 35 a;ALLO STATUTO DOTT. PUCCI PIERLUCIANO;7129071002;185;58091;ROMA;-;58;RM;ROMA;120;LAZIO;01/01/2005;-;Ordinaria;1;41.89491;12.50131;1
9277;0;Via dei Castani, 168;SORBINI GUIDO;424990588;172;58091;ROMA;-;58;RM;ROMA;120;LAZIO;01/01/2005;31/08/2011;Ordinaria;1;41.88204;12.56668;1
9278;0;Via Nomentana, 25;GARESIO TERESA;450100581;161;58091;ROMA;-;58;RM;ROMA;120;LAZIO;01/01/2005;-;Ordinaria;1;41.93181;12.52784;1
9279;0;Via G. Salvioli, 5;SETTIMI FEDERICO;8075691009;175;58091;ROMA;-;58;RM;ROMA;120;LAZIO;01/01/2005;30/09/2012;Ordinaria;1;41.86061;12.56683;1
9280;0;Via Tommaso Salvini, 47;ROTONDO GAETANO;892660580;197;58091;ROMA;-;58;RM;ROMA;120;LAZIO;01/01/2005;-;Ordinaria;1;41.9292;12.49277;1
9281;0;Via Marco Papio, 35;MARCHETTI ALFREDO;547460584;175;58091;ROMA;-;58;RM;ROMA;120;LAZIO;01/01/2005;30/06/2011;Ordinaria;1;41.86583;12.5514;1
9282;0;Via Ugento, 44;RUSSO ANGELA MARIA;1936500584;171;58091;ROMA;-;58;RM;ROMA;120;LAZIO;01/01/2005;-;Ordinaria;1;41.89065;12.57772;1
9283;0;Via Cesare Maccari, 312;SANSONI GERVASIO;861790582;125;58091;ROMA;-;58;RM;ROMA;120;LAZIO;01/01/2005;30/04/2007;Ordinaria;1;41.77428;12.35762;1
9284;0;Via del Calice, 57;FORZA AMEDEO;168950582;178;58091;ROMA;-;58;RM;ROMA;120;LAZIO;01/01/2005;28/02/2013;Ordinaria;1;41.83074;12.5648;1
9285;0;Via Casal Bianco ang. Via Settecamini;CAMERUCCI ALBERTO;110391000;131;58091;ROMA;SETTECAMINI;58;RM;ROMA;120;LAZIO;01/10/2010;31/12/2012;Ordinaria;1;41.94123;12.62461;1
9286;0;Via E. Giglioli, 69;FARMACIE SANASI GIGLIOLI SNC;11429981001;169;58091;ROMA;-;58;RM;ROMA;120;LAZIO;01/01/2015;-;Ordinaria;1;41.86996;12.59819;1
9287;0;Via Fiuminata, 6/a;CAZZOLA ROBERTO;4556751008;156;58091;ROMA;-;58;RM;ROMA;120;LAZIO;01/01/2005;30/09/2010;Ordinaria;1;41.92368;12.57115;1
9288;0;Via Morrovalle, 10/16;S. BASILIO;8825451001;156;58091;ROMA;-;58;RM;ROMA;120;LAZIO;01/06/2006;-;Ordinaria;1;41.93644;12.58248;1
9289;0;Via Palmiro Togliatti, 1501/a;FATTORI GIUSEPPE;711930586;155;58091;ROMA;-;58;RM;ROMA;120;LAZIO;01/01/2005;-;Ordinaria;1;41.91293;12.57068;1
9290;0;Via Tuscolana, 1044/1046;REALDON ANNA MARIA;447870585;174;58091;ROMA;-;58;RM;ROMA;120;LAZIO;01/01/2005;-;Ordinaria;1;41.88284;12.51456;1
9291;0;Piazza dei Mirti, 1;FRATELLI MARCHETTI SNC;4356811002;172;58091;ROMA;-;58;RM;ROMA;120;LAZIO;01/01/2005;-;Ordinaria;1;41.8811;12.56664;1
9292;0;Via Casilina , 1756;COPPOLA ANIELLO;924600588;133;58091;ROMA;-;58;RM;ROMA;120;LAZIO;01/03/2011;31/10/2014;Ordinaria;1;41.74817;12.99181;1
9293;0;Via Diego Angeli, 176;FARGION VENTURA;761310580;159;58091;ROMA;-;58;RM;ROMA;120;LAZIO;01/01/2005;-;Ordinaria;1;41.90755;12.55125;1
9294;0;Viale Palmiro togliatti 944;RUSSO LORETA;1936510583;171;58091;ROMA;-;58;RM;ROMA;120;LAZIO;01/01/2005;-;Ordinaria;1;41.90997;12.57211;1
9295;0;Via dei Platani, 142;LOLLI GHETTI MARCO;-;172;58091;ROMA;-;58;RM;ROMA;120;LAZIO;01/01/2005;30/09/2010;Ordinaria;1;41.88108;12.56757;1
9296;0;Via Bresadola, 19/21;CROCE EMILIO;8368890581;171;58091;ROMA;-;58;RM;ROMA;120;LAZIO;01/01/2005;-;Ordinaria;1;41.92368;12.57115;1
9297;0;Via Aquaroni, 72;VELLANI RAFFAELLA;1099310581;133;58091;ROMA;-;58;RM;ROMA;120;LAZIO;01/01/2005;31/03/2007;Ordinaria;1;41.90151;12.46077;1
9298;0;Piazza Giovanni Falcone, snc;COMUNALE LADISPOLI;-;55;58116;LADISPOLI;-;58;RM;ROMA;120;LAZIO;01/01/2005;-;Ordinaria;1;41.95433;12.09879;1
9299;0;Via Tor De' Schiavi, 188;VERSACE GAETANO;1107920587;172;58091;ROMA;-;58;RM;ROMA;120;LAZIO;01/01/2005;-;Ordinaria;1;41.87529;12.56471;1
9300;0;Via di Pietralata, 511;ZAFFIRI GIANFRANCO;867130585;158;58091;ROMA;-;58;RM;ROMA;120;LAZIO;01/01/2005;-;Ordinaria;1;41.91944;12.55169;1
9301;0;Via F. Delpino, 70;PACCHIAROTTI GIUSEPPE;1254840588;171;58091;ROMA;-;58;RM;ROMA;120;LAZIO;01/01/2005;-;Ordinaria;1;41.92368;12.57115;1
9302;0;Piazza dei Consoli, 15;M.&T. FARMACIA DEI CONSOLI DI TORRICIANI MARIA PALMA E C. SAS;10395761009;175;58091;ROMA;-;58;RM;ROMA;120;LAZIO;01/09/2009;-;Ordinaria;1;41.86163;12.55863;1
9303;0;Viale Palmiro Togliatti, 225/231;DIEGO BERNA & C. SNC;11979091003;175;58091;ROMA;-;58;RM;ROMA;120;LAZIO;01/05/2013;-;Ordinaria;1;41.90997;12.57211;1
9304;0;Via Flavio Stilicone, 255;MASTRACCI IDA;7649221004;175;58091;ROMA;-;58;RM;ROMA;120;LAZIO;01/01/2005;-;Ordinaria;1;41.85731;12.56431;1
9305;0;Via Angelo Viscogliosi, 42;LUCCIARINI SERGIO;4567141009;155;58091;ROMA;-;58;RM;ROMA;120;LAZIO;01/01/2005;30/09/2010;Ordinaria;1;41.88175;12.59115;1
9306;0;Via dei Castani, 110;EREDI SANTORI ORNELLA;1383690581;172;58091;ROMA;-;58;RM;ROMA;120;LAZIO;01/01/2005;30/09/2007;Ordinaria;1;41.88204;12.56668;1
9307;0;Largo Beltramelli, 13 13/A;DEL LEONE SAS DI PONTECORVI ILARIA & C.;12524611006;157;58091;ROMA;-;58;RM;ROMA;120;LAZIO;01/06/2015;-;Ordinaria;1;41.92368;12.57115;1
9308;0;Via Monti Tiburtini, 600;BAIOCCO ELISABETTA;989031000;157;58091;ROMA;-;58;RM;ROMA;120;LAZIO;01/01/2005;28/02/2009;Ordinaria;1;41.92368;12.57115;1
9309;0;Via dei Castani, 310/312;ROTA GIOVANNI;2307660585;171;58091;ROMA;-;58;RM;ROMA;120;LAZIO;01/01/2005;-;Ordinaria;1;41.88204;12.56668;1
9310;0;Via Quinto Pedio, 20;POLLERA SAS DI POLLERA EVELINA;9645641003;175;58091;ROMA;-;58;RM;ROMA;120;LAZIO;01/01/2008;-;Ordinaria;1;41.92368;12.57115;1
9311;0;Via G. Chiovenda, 88;DOMINICI RENATO;3067520589;173;58091;ROMA;-;58;RM;ROMA;120;LAZIO;01/10/2010;-;Ordinaria;1;41.92368;12.57115;1
9312;0;Via Tor de Schiavi, 147-b/c;PATARINO DEL DOTT.  FRANCESCO PATARINO SAS;11495031004;172;58091;ROMA;-;58;RM;ROMA;120;LAZIO;01/05/2013;-;Ordinaria;1;41.88338;12.56297;1
9313;0;Viale Alessandrino, 539;ALESSANDRINO DEI DR.I P. BELLUSCIO E E. PERROTTA SNC;7707721002;172;58091;ROMA;-;58;RM;ROMA;120;LAZIO;01/01/2005;-;Ordinaria;1;41.8826365;12.574853;1
9314;0;Via Tiburtina, 542;MANCINI GIULIANO;584860589;159;58091;ROMA;-;58;RM;ROMA;120;LAZIO;01/01/2005;-;Ordinaria;1;41.93305;12.59934;1
9315;0;Via Torrenova, 212 (ang. Via Teseo 1);INFRICCIOLI MARIA;1057861005;133;58091;ROMA;-;58;RM;ROMA;120;LAZIO;01/01/2005;30/09/2007;Ordinaria;1;41.92368;12.57115;1
9316;0;Via C. Ricotti, 42;MONTAGNA GIULIO CESARE;3445430584;159;58091;ROMA;-;58;RM;ROMA;120;LAZIO;01/01/2005;28/02/2013;Ordinaria;1;41.91519;12.52007;1
9317;0;Via A. Baldissera, 1/c;DI STEFANO VITA;9740870580;159;58091;ROMA;-;58;RM;ROMA;120;LAZIO;01/01/2005;30/09/2010;Ordinaria;1;41.8979;12.53596;1
9318;0;Via Stazione di Ciampino, 53;SCARNO' ENRICO;3663070583;40;58091;ROMA;MORENA;58;RM;ROMA;120;LAZIO;01/01/2005;30/09/2012;Ordinaria;1;41.92368;12.57115;1
9319;0;Via Castorano, 35;COMUNALE CASTEL GIUBILEO;-;138;58091;ROMA;CASTEL GIUBILEO;58;RM;ROMA;120;LAZIO;01/01/2005;31/08/2007;Ordinaria;1;41.98887;12.51082;1
9320;0;Via Tuscolana, 1258;SAGRIPANTI FRANCA;4970700581;174;58091;ROMA;-;58;RM;ROMA;120;LAZIO;01/01/2005;-;Ordinaria;1;41.92368;12.57115;1
9321;0;via Nicandro, 6/a;LOALDI ROBERTO MARIA;5040810581;155;58091;ROMA;-;58;RM;ROMA;120;LAZIO;01/01/2005;-;Ordinaria;1;41.9141;12.60665;1
9322;0;Via dei Pioppi, 5/c;PELAGALLI GAETANO;4001430588;172;58091;ROMA;-;58;RM;ROMA;120;LAZIO;01/01/2005;-;Ordinaria;1;41.48388;12.60534;1
9323;0;Via Mozart, 59;DI PALMA GIGLIOLA;5112200588;159;58091;ROMA;-;58;RM;ROMA;120;LAZIO;01/09/2010;-;Ordinaria;1;41.91264;12.56361;1
9324;0;Piazza S. Giovanni Bosco, 39/42;ANGELINI MARIANO;5140350587;175;58091;ROMA;-;58;RM;ROMA;120;LAZIO;01/09/2010;-;Ordinaria;1;41.92368;12.57115;1
9325;0;Via Gaspara Stampa, 71/73;COMUNALE N.2 CECCHINA;5903241007;137;58091;ROMA;-;58;RM;ROMA;120;LAZIO;01/09/2007;-;Ordinaria;1;41.94668;12.55958;1
9326;0;Via Carlo Arturo Jemolo, 153 (Loc. La Torraccia);LA TORRACCIA SNC DI ORLANDI LUCIANA E CIDONIO GIOVANNA;8756111004;156;58091;ROMA;-;58;RM;ROMA;120;LAZIO;01/06/2006;28/02/2013;Ordinaria;1;41.94757;12.58653;1
9327;0;Via F. Verdinois, 36;M.&.T. FARMACIA DEI CONSOLI DI TORRICIANI MARIA PALMA & C. SAS;10395761009;159;58091;ROMA;-;58;RM;ROMA;120;LAZIO;01/08/2010;30/09/2010;Ordinaria;1;41.92368;12.57115;1
9328;0;Via Casilina, 1914/c;BONANZINGA VITTORIA;9914640587;132;58091;ROMA;-;58;RM;ROMA;120;LAZIO;01/01/2005;31/12/2009;Ordinaria;1;41.85106;12.73178;1
9329;0;Via Massa di S. Giuliano, 260;GIORGI GIANFRANCO;349401000;10;58091;ROMA;-;58;RM;ROMA;120;LAZIO;01/01/2005;-;Ordinaria;1;41.9037;12.69515;1
9330;0;Via S. Elpidio a Mare, 21;EMILIANI ANTONIO MARIA;7078810582;10;58091;ROMA;S VITTORINO GIARD.CORCOLLE;58;RM;ROMA;120;LAZIO;01/01/2005;-;Ordinaria;1;41.92368;12.57115;1
9331;0;Viale Carlo Marx, 195;CELLI MARIA ELISA;7150710585;137;58091;ROMA;-;58;RM;ROMA;120;LAZIO;01/10/2010;31/08/2012;Ordinaria;1;41.92368;12.57115;1
9332;0;Via Prataporci, 4;TACCONI MAURO;782421002;132;58091;ROMA;BORGATA FINOCCHIO;58;RM;ROMA;120;LAZIO;01/01/2005;-;Ordinaria;1;41.8622;12.68507;1
9333;0;Via Annia Regilla, 202;IACOVELLI SALVATORE;7419770586;178;58091;ROMA;-;58;RM;ROMA;120;LAZIO;01/01/2005;-;Ordinaria;1;41.83998;12.54632;1
9334;0;Via Polia, 12-14;CIANCI GIUSEPPE;5040810581;178;58091;ROMA;-;58;RM;ROMA;120;LAZIO;01/01/2005;30/09/2010;Ordinaria;1;41.83637;12.55794;1
9335;0;Via Pippo Tamburri, 2 a;MASCIOTTA AGOSTINO;7947770587;169;58091;ROMA;-;58;RM;ROMA;120;LAZIO;01/01/2005;-;Ordinaria;1;41.92368;12.57115;1
9336;0;Via delle Rondini, 64;MACALUSO PIETRO;3754821001;169;58091;ROMA;-;58;RM;ROMA;120;LAZIO;01/01/2005;-;Ordinaria;1;41.86716;12.59269;1
9337;0;Largo Spartaco, 9/10;CIANCARELLI MAURA;4970700581;174;58091;ROMA;-;58;RM;ROMA;120;LAZIO;01/01/2005;30/09/2010;Ordinaria;1;41.92368;12.57115;1
9338;0;Via degli Armenti, 84;SCIPIONI MASSIMO;8093650581;155;58091;ROMA;-;58;RM;ROMA;120;LAZIO;01/01/2005;31/12/2007;Ordinaria;1;41.92368;12.57115;1
9339;0;Via degli Albatri, 10;BARCELLONA ANTONELLO;8368890581;169;58091;ROMA;-;58;RM;ROMA;120;LAZIO;01/01/2008;-;Ordinaria;1;41.92368;12.57115;1
9340;0;Via Casilina, 1220;SQUARTI FABRIZIO;6613421004;133;58091;ROMA;-;58;RM;ROMA;120;LAZIO;01/01/2005;31/12/2007;Ordinaria;1;41.92368;12.57115;1
9341;0;Via del Casale Agostinelli, 133/c 133/d;EREDI RICCIONI SAS;7985961007;43;58091;ROMA;Ciampino;58;RM;ROMA;120;LAZIO;01/01/2005;28/02/2013;Ordinaria;1;41.92368;12.57115;1
9342;0;Via Passo Lombardo, 1;MASTROGIOVANNI MARIA ROSARIA;8643880589;133;58091;ROMA;VERMICINO;58;RM;ROMA;120;LAZIO;01/01/2005;28/02/2013;Ordinaria;1;41.92368;12.57115;1
9343;0;Viale Giulio Agricola, 96;ROSSI GUENDALINA;8727940580;174;58091;ROMA;-;58;RM;ROMA;120;LAZIO;01/09/2010;-;Ordinaria;1;41.85293;12.55859;1
9344;0;Via Villabate, 175;TERRERI GIANFRANCO;7020680588;133;58091;ROMA;-;58;RM;ROMA;120;LAZIO;01/01/2005;-;Ordinaria;1;41.86756;12.64739;1
9345;0;Via Tor Sapienza, 9/B;MARCHETTI MARIO;8939510585;155;58091;ROMA;-;58;RM;ROMA;120;LAZIO;01/01/2005;-;Ordinaria;1;41.90265;12.59029;1
9346;0;Via Amico Aspertini, 219;CUPPOLETTI LILIANA;8956690583;133;58091;ROMA;-;58;RM;ROMA;120;LAZIO;01/01/2005;-;Ordinaria;1;41.87685;12.62586;1
9347;0;Via di Torrenova, 163;PONZI ENNIO SAS;10182371004;133;58091;ROMA;-;58;RM;ROMA;120;LAZIO;01/01/2005;-;Ordinaria;1;41.88375;12.61852;1
9348;0;Via Lizzani, 55;TANZINI CRISTIANO;9067020587;169;58091;ROMA;-;58;RM;ROMA;120;LAZIO;01/01/2005;-;Ordinaria;1;41.92368;12.57115;1
9349;0;Via Giuseppe Donati, 62;PROCACCINI ALFREDO;9120350583;159;58091;ROMA;-;58;RM;ROMA;120;LAZIO;01/01/2005;-;Ordinaria;1;41.90788;12.55161;1
9350;0;Via Selinunte, 39;CARDEI BARBARA;3858120581;174;58091;ROMA;-;58;RM;ROMA;120;LAZIO;01/01/2005;30/04/2007;Ordinaria;1;41.85644;12.55082;1
9351;0;Via Tuscolana, 699;BARDELLA ZEIRA;1045540588;174;58091;ROMA;-;58;RM;ROMA;120;LAZIO;01/01/2005;29/02/2008;Ordinaria;1;41.92368;12.57115;1
9352;0;Via della Bella Villa, 62/B;FERRARO DOMENICO;9409830586;172;58091;ROMA;-;58;RM;ROMA;120;LAZIO;01/01/2005;-;Ordinaria;1;41.8733;12.57774;1
9353;0;Via Montecassiano, 163;S.CLETO DR PULCHINOTTA PALMIERI;11088101008;156;58091;ROMA;-;58;RM;ROMA;120;LAZIO;01/03/2011;-;Ordinaria;1;41.94323;12.57193;1
9354;0;Via Dina Galli, 7;COMUNALE VIGNE NUOVE - TUFELLO;5903241007;139;58091;ROMA;-;58;RM;ROMA;120;LAZIO;01/09/2007;-;Ordinaria;1;41.95506;12.53338;1
9355;0;Via C. Baseggio, 112-120;COMUNALE M.TE RESEGONE-VAL MELAINA;5957020588;139;58091;ROMA;-;58;RM;ROMA;120;LAZIO;01/01/2005;31/08/2007;Ordinaria;1;41.92368;12.57115;1
9356;0;Via Bartolo Longo, 7;CECCARELLI MARIA GRAZIA;4560911002;156;58091;ROMA;-;58;RM;ROMA;120;LAZIO;01/01/2005;31/12/2007;Ordinaria;1;41.93435;12.56958;1
9357;0;Viale Giovan Battista Bardanzellu, 75;FATTORI FEDERICO;9557330587;155;58091;ROMA;-;58;RM;ROMA;120;LAZIO;01/01/2005;-;Ordinaria;1;41.90151;12.46077;1
9358;0;Via Ponzio Cominio, 29/a - 29/b;DAVANZO FRANCESCO;8727940580;175;58091;ROMA;-;58;RM;ROMA;120;LAZIO;01/01/2005;31/08/2010;Ordinaria;1;41.86066;12.55783;1
9359;0;Via G. Curioni, 51/53;GUADAGNO ANGELO;5708010581;157;58091;ROMA;-;58;RM;ROMA;120;LAZIO;01/01/2005;-;Ordinaria;1;41.9236;12.53288;1
9360;0;Viale Alessandrino, 387;PONTRELLI STEFANO;8106061008;172;58091;ROMA;-;58;RM;ROMA;120;LAZIO;01/01/2005;-;Ordinaria;1;41.8782795;12.5759452;1
9361;0;Via Tuscolana, 800;CAPECCI MARCELLA;9875810583;174;58091;ROMA;-;58;RM;ROMA;120;LAZIO;01/01/2008;-;Ordinaria;1;41.92368;12.57115;1
9362;0;Via Tuscolana, 855/d;POTESTIO PIERGIORGIO;7685331006;175;58091;ROMA;-;58;RM;ROMA;120;LAZIO;01/01/2005;28/02/2013;Ordinaria;1;41.92368;12.57115;1
9363;0;Via dei Durantini, 350-350/a;MOLAJONI SNC-CLELIA & MARCO MOLAJONI;4850871007;157;58091;ROMA;-;58;RM;ROMA;120;LAZIO;01/01/2005;-;Ordinaria;1;41.91923;12.54563;1
9364;0;Via Tor Vergata, 67;ENNIO PONZI SAS;10182371004;133;58091;ROMA;-;58;RM;ROMA;120;LAZIO;01/01/2005;-;Ordinaria;1;41.92368;12.57115;1
9365;0;Via Scribonio Curione, 91/93;DEGLI ARVALI DR.SSA PIERMARINI BIANCA MARIA;10089290588;175;58091;ROMA;-;58;RM;ROMA;120;LAZIO;01/03/2015;-;Ordinaria;1;41.86444;12.55431;1
9366;0;Via S. Giovanni Bosco, 91;DE CESARIS EMILIA;9086240588;175;58091;ROMA;-;58;RM;ROMA;120;LAZIO;01/01/2005;30/09/2010;Ordinaria;1;41.86073;12.56111;1
9367;0;Via Tiburtina, 608/D;RUSSO FAUSTINA IN DE REMIGIS;10147300585;159;58091;ROMA;-;58;RM;ROMA;120;LAZIO;01/03/2013;30/04/2015;Ordinaria;1;41.90825;12.54444;1
9368;0;Via A. Regilla, 103/105;ANNIA REGILLA;5199381004;178;58091;ROMA;-;58;RM;ROMA;120;LAZIO;01/04/2007;-;Ordinaria;1;41.84267;12.54811;1
9369;0;Via Tuscolana, 925;PRAGLIOLA GIANCARLO;10263290586;174;58091;ROMA;-;58;RM;ROMA;120;LAZIO;01/10/2010;28/02/2015;Ordinaria;1;41.85631;12.5636;1
9370;0;Largo Russell, 11;EREDI DR.SCOPIGNO ALDO SNC;4656331008;156;58091;ROMA;-;58;RM;ROMA;120;LAZIO;01/01/2005;-;Ordinaria;1;41.92368;12.57115;1
9371;0;Via delle Acacie, 51;DELLE ACACIE SNC;5253541006;171;58091;ROMA;-;58;RM;ROMA;120;LAZIO;01/01/2008;30/04/2015;Ordinaria;1;41.54266;12.56907;1
9372;0;VIA CALIFORNIA, SNC;COM.LE LADISPOLI N.2;-;55;58116;LADISPOLI;-;58;RM;ROMA;120;LAZIO;01/01/2005;-;Ordinaria;1;41.9499;12.0761;1
9373;0;Piazza B. Avanzini, 7;RIGGIO GIUSEPPINA;10356250588;157;58091;ROMA;-;58;RM;ROMA;120;LAZIO;01/01/2005;-;Ordinaria;1;41.92368;12.57115;1
9374;0;Via dei Gelsi, 15 A;DEI GELSI F.LLI POLI SANDRI DI MARCO GUIDO POLI SANDRI;9735721004;171;58091;ROMA;-;58;RM;ROMA;120;LAZIO;01/09/2008;-;Ordinaria;1;41.88935;12.56963;1
9375;0;Via Casal De' Pazzi, 64;PONTE MAMMOLO SNC;5371151001;156;58091;ROMA;-;58;RM;ROMA;120;LAZIO;01/01/2005;-;Ordinaria;1;41.92697;12.56987;1
9376;0;Via dei Glicini, 44 a/d;POMPILI POMPILIO DR. VITTORIO;11674201006;172;58091;ROMA;-;58;RM;ROMA;120;LAZIO;01/05/2012;-;Ordinaria;1;41.95874;12.79752;1
9377;0;Via di Pietralata, 272/B;GALIZIA LETIZIA;9438331002;158;58091;ROMA;-;58;RM;ROMA;120;LAZIO;01/10/2007;31/12/2007;Ordinaria;1;41.92315;12.54642;1
9378;0;Via Pietro Romano, 70;ANGELINI GIULIANO ALBERTO;448170589;169;58091;ROMA;-;58;RM;ROMA;120;LAZIO;01/01/2005;31/12/2007;Ordinaria;1;41.87142;12.57836;1
9379;0;Via Marco Decumio, 18;F.LLI MATALONI LIVIO E GIULIANA SNC;5555961001;174;58091;ROMA;-;58;RM;ROMA;120;LAZIO;01/01/2005;-;Ordinaria;1;41.86252;12.54914;1
9380;0;Via Tiburtina, 348/350;ANGELINI;10873900582;159;58091;ROMA;-;58;RM;ROMA;120;LAZIO;01/03/2013;-;Ordinaria;1;41.90616;12.53785;1
9381;0;Via Tor de' Schiavi, 39-39a;ELETTI SNC DI ELETTI BIANCHI FERNANDO ED ELETTI BIANCHI ROBERTA;8989901007;172;58091;ROMA;-;58;RM;ROMA;120;LAZIO;01/07/2007;-;Ordinaria;1;41.87529;12.56471;1
9382;0;Via Eugenio Checchi, 29;INGRAO DR.SSA GRAZIELLA;10635930588;157;58091;ROMA;-;58;RM;ROMA;120;LAZIO;01/07/2008;-;Ordinaria;1;41.9095;12.54438;1
9383;0;Via Ponte delle Sette Miglia, 35;ROMANINA DELLA DR.SSA MAGALI STEINDLER & C. SAS;9394311006;173;58091;ROMA;-;58;RM;ROMA;120;LAZIO;01/12/2007;-;Ordinaria;1;41.8383;12.60128;1
9384;0;Via Tuscolana, 991;DESSI;10658660583;174;58091;ROMA;-;58;RM;ROMA;120;LAZIO;01/01/2005;-;Ordinaria;1;41.85458;12.56651;1
9385;0;Viale Anicio Gallo, 154;LINO SNC DELLE DR.SSE LORELLA E SABRINA LINO;7199201000;174;58091;ROMA;-;58;RM;ROMA;120;LAZIO;01/01/2005;-;Ordinaria;1;41.85341;12.56289;1
9386;0;Viale Alessandrino, 273;ALBANESE MARIA NICOLETTA;10852440584;172;58091;ROMA;-;58;RM;ROMA;120;LAZIO;01/10/2010;-;Ordinaria;1;41.8763983;12.5767139;1
9387;0;Via D. Panaroli, 13;DE MAGLIE MARIA EGLE;10623380580;172;58091;ROMA;-;58;RM;ROMA;120;LAZIO;01/01/2005;-;Ordinaria;1;41.92368;12.57115;1
9388;0;Via A. Fiori, 37/39;PADRE PIO SNC;5888241006;156;58091;ROMA;-;58;RM;ROMA;120;LAZIO;01/01/2005;28/02/2013;Ordinaria;1;41.92368;12.57115;1
9389;0;Piazza E. Piaggio, 19;MARTINO D.SSA M. A.;6222181007;133;58091;ROMA;-;58;RM;ROMA;120;LAZIO;01/12/2007;-;Ordinaria;1;41.92368;12.57115;1
9390;0;Via Augusto Lupi, 38/40;NAZIONALE;6077091004;169;58091;ROMA;-;58;RM;ROMA;120;LAZIO;01/01/2005;-;Ordinaria;1;41.86664;12.5809;1
9391;0;Via Tiburtina, 437;RAMUNDO MONTARSOLO UMBERTO;10884760587;159;58091;ROMA;-;58;RM;ROMA;120;LAZIO;01/01/2005;-;Ordinaria;1;41.93305;12.59934;1
9392;0;Via Tuscolana, 918/920;MADRE DEL BUON CONSIGLIO;6388331008;174;58091;ROMA;-;58;RM;ROMA;120;LAZIO;01/01/2005;-;Ordinaria;1;41.88284;12.51456;1
9393;0;Via Appio Claudio, 306;APPIO D.SSA BARBARA GAONI;6283221007;174;58091;ROMA;-;58;RM;ROMA;120;LAZIO;01/01/2005;-;Ordinaria;1;41.85404;12.56315;1
9394;0;Viale P. Togliatti, 1583;COLLI ANIENE SAS DI FONTE DANIELA MARIA E FRASCONE CRISTINA;5719880584;155;58091;ROMA;-;58;RM;ROMA;120;LAZIO;01/01/2005;-;Ordinaria;1;41.83395;12.88206;1
9395;0;Via Enrico Bernardi, 1;EREDI SIMEONI LUIGI SAS DI ANTONIO E STEFANO SIMEONI;6427241002;132;58091;ROMA;LUNGHEZZA;58;RM;ROMA;120;LAZIO;01/03/2013;-;Ordinaria;1;41.92392;12.67174;1
9396;0;Via Casale S. Basilio, 205/207;CRESCENZI ANDREA;6486241000;156;58091;ROMA;-;58;RM;ROMA;120;LAZIO;01/01/2005;-;Ordinaria;1;41.93687;12.5811;1
9397;0;Via Dameta, 127;CASALE CALETTO DR. ANTONIO DORELLA;6862131007;155;58091;ROMA;-;58;RM;ROMA;120;LAZIO;01/01/2005;-;Ordinaria;1;41.91766;12.60625;1
9398;0;Via Castropignano, 12;BILUCAGLIA VALFREDO MARIA E C. SAS;5192341005;131;58091;ROMA;Case Rosse;58;RM;ROMA;120;LAZIO;01/09/2010;-;Ordinaria;1;41.93266;12.64617;1
9399;0;Via Prenestina, 414/m;BETTI BARBARA;7137801002;171;58091;ROMA;-;58;RM;ROMA;120;LAZIO;01/01/2005;-;Ordinaria;1;41.92368;12.57115;1
9400;0;Via dei Colombi, 84/A;EREDI ZAMPONI PAOLO MARIA;7133761002;169;58091;ROMA;-;58;RM;ROMA;120;LAZIO;01/01/2005;-;Ordinaria;1;41.87092;12.59384;1
9401;0;Via delle Robinie, 81-81a;DELLE ROBINIE SAS DI DI GIACOMANTONIO FRANCO & C.;8423181000;172;58091;ROMA;-;58;RM;ROMA;120;LAZIO;01/08/2007;-;Ordinaria;1;42.73549;12.13479;1
9402;0;Piazza Castrolibero, 18 (Ang.Via Rocca Imperiale);GALLO SILVIA;7264751004;40;58091;ROMA;MORENA;58;RM;ROMA;120;LAZIO;01/01/2005;-;Ordinaria;1;41.92368;12.57115;1
9403;0;Via Acaia, 49;GALEPPI VITO;423850585;183;58091;ROMA;-;58;RM;ROMA;120;LAZIO;01/01/2005;-;Ordinaria;1;41.87759;12.50831;1
9404;0;Via A. Consolini, 12;MEALLI GIOVANNI;64980584;142;58091;ROMA;-;58;RM;ROMA;120;LAZIO;01/01/2005;31/12/2014;Ordinaria;1;41.92368;12.57115;1
9405;0;Via Cerveteri, 5;TORRESI GIOVANNI;450730585;183;58091;ROMA;-;58;RM;ROMA;120;LAZIO;01/01/2005;-;Ordinaria;1;41.45724;12.89689;1
9406;0;Via Gallia, 102 - 104;GALLIA SAS DEL DOTT. EMILIO VISCA & C.;12180761004;183;58091;ROMA;-;58;RM;ROMA;120;LAZIO;01/01/2005;-;Ordinaria;1;41.88161;12.50139;1
9407;0;Via L. Fincati, 17;FABI FABIO;10623380580;154;58091;ROMA;-;58;RM;ROMA;120;LAZIO;01/01/2005;31/12/2007;Ordinaria;1;41.86318;12.48467;1
9408;0;Viale Europa, 78;IMBESI DOMENICO;449370584;144;58091;ROMA;-;58;RM;ROMA;120;LAZIO;01/01/2005;28/02/2013;Ordinaria;1;41.46286;12.63223;1
9409;0;Via Gino Capponi, 65;SERANTONI BICE;422330589;179;58091;ROMA;-;58;RM;ROMA;120;LAZIO;01/01/2005;30/09/2007;Ordinaria;1;41.87383;12.51878;1
9410;0;Via Fontebuono, 45;DANIELE -  DOTT. SSA CORSETTI MATILDE;11741631003;142;58091;ROMA;-;58;RM;ROMA;120;LAZIO;01/03/2013;-;Ordinaria;1;41.92368;12.57115;1
9411;0;Via Orvieto, 39;BROCCHIERI MAURIZIO;449420587;182;58091;ROMA;-;58;RM;ROMA;120;LAZIO;01/01/2008;31/08/2012;Ordinaria;1;41.98285;12.05029;1
9412;0;Via Numitore, 9/11;ANGELINI LINO;449610583;181;58091;ROMA;-;58;RM;ROMA;120;LAZIO;01/01/2005;-;Ordinaria;1;41.87209;12.52963;1
9413;0;Via Leonardo Da Vinci, 155;TROMBETTA SNC;11206031004;145;58091;ROMA;-;58;RM;ROMA;120;LAZIO;01/07/2012;-;Ordinaria;1;41.99875;12.72773;1
9414;0;Via Tor de Schiavi, 281;MARINI BERARDINO;450500582;171;58091;ROMA;-;58;RM;ROMA;120;LAZIO;01/01/2005;31/08/2008;Ordinaria;1;41.87529;12.56471;1
9415;0;Via Appia Nuova, 405;BARTULI MAURO;9306111007;181;58091;ROMA;-;58;RM;ROMA;120;LAZIO;01/07/2007;-;Ordinaria;1;41.79704;12.58736;1
9416;0;Viale Marinetti, 211;LOMBARDI BOCCIA ALDO;712160589;143;58091;ROMA;-;58;RM;ROMA;120;LAZIO;01/01/2005;-;Ordinaria;1;41.92368;12.57115;1
9417;0;Via Appia Nuova, 651;VELODROMO SAS DELLE DOTT.SSE FABRIZI IMPERIA V. E LIBERATORE TANIA;12641041004;179;58091;ROMA;-;58;RM;ROMA;120;LAZIO;01/01/2005;-;Ordinaria;1;41.79704;12.58736;1
9418;0;Via Tuscolana, 285;UMBRA SNC DI GIANFRANCO CIDONIO E CRISTINA CIDONIO;1065970582;181;58091;ROMA;-;58;RM;ROMA;120;LAZIO;01/01/2008;31/08/2010;Ordinaria;1;41.92368;12.57115;1
9419;0;Via Filippi, 11;SCAFFIDI SILIO;1107910588;146;58091;ROMA;-;58;RM;ROMA;120;LAZIO;01/01/2005;30/09/2010;Ordinaria;1;41.8557;12.47485;1
9420;0;Via Andrea Mantegna, 42/44;COLI PIERGIORGIO;5436000581;147;58091;ROMA;-;58;RM;ROMA;120;LAZIO;01/01/2005;31/12/2007;Ordinaria;1;41.85185;12.49406;1
9421;0;Piazza dei Navigatori, 12/13;SALIS FIORI GIOVANNA;450070586;147;58091;ROMA;-;58;RM;ROMA;120;LAZIO;01/01/2005;-;Ordinaria;1;41.86028;12.49984;1
9422;0;Via A. Leonori, 27;VITALE VENANZIA;1233460581;147;58091;ROMA;-;58;RM;ROMA;120;LAZIO;01/01/2005;-;Ordinaria;1;41.92368;12.57115;1
9423;0;Via Tuscolana, 344;MORREALE GIUSEPPE;1275700589;181;58091;ROMA;-;58;RM;ROMA;120;LAZIO;01/01/2005;-;Ordinaria;1;41.92368;12.57115;1
9424;0;Via Prenestina,  279/281/281A;EREDI DI LEO DEL DR. PASQUALE DI LEO & C. SNC;8147261005;177;58091;ROMA;-;58;RM;ROMA;120;LAZIO;01/03/2013;-;Ordinaria;1;41.92368;12.57115;1
9425;0;Via Gabi, 18/22;MACEDONIO ELVIRA;1972620585;183;58091;ROMA;-;58;RM;ROMA;120;LAZIO;01/01/2005;31/03/2007;Ordinaria;1;41.88199;12.50865;1
9426;0;-;FRANCHI;1442510580;182;58091;ROMA;-;58;RM;ROMA;120;LAZIO;01/01/2005;31/05/2006;Ordinaria;1;41.87872;12.51814;1
9427;0;Via Roberto Malatesta, 35;MERCURI SECONDINA;1414170587;176;58091;ROMA;-;58;RM;ROMA;120;LAZIO;01/01/2005;31/12/2007;Ordinaria;1;41.88751;12.53905;1
9428;0;V.le della Tecnica, 217;MARCUZZO MARIA;1517630586;144;58091;ROMA;-;58;RM;ROMA;120;LAZIO;01/01/2005;28/02/2013;Ordinaria;1;41.82473;12.4573;1
9429;0;Via Etruria, 38;IALACCI GIOVANNI DEL DOTT. FAUSTO ATTILIO IALACCI;7080161008;183;58091;ROMA;-;58;RM;ROMA;120;LAZIO;01/01/2005;-;Ordinaria;1;41.87877;12.51382;1
9430;0;Via Tibero Imperatore, 53;GARSIA EDDA;1414110583;145;58091;ROMA;-;58;RM;ROMA;120;LAZIO;01/01/2005;-;Ordinaria;1;41.92368;12.57115;1
9431;0;Via Silvio d'Amico, 15/17;PERCIBALLI PAOLO;-;145;58091;ROMA;-;58;RM;ROMA;120;LAZIO;01/03/2009;31/05/2009;Ordinaria;1;41.85112;12.47964;1
9432;0;Piazza Geremia Bonomelli, 5;MONETA CAGLIO DA RE' MARIA ISABELLA;12381041008;154;58091;ROMA;-;58;RM;ROMA;120;LAZIO;01/07/2012;-;Ordinaria;1;41.92368;12.57115;1
9433;0;Via Marco Tabarrini, 2/e (Angolo Circ.ne Appia);MILITELLO DI ROBERTA E MARIO DI MARCO BOSINI SNC;8898651008;179;58091;ROMA;-;58;RM;ROMA;120;LAZIO;01/07/2007;-;Ordinaria;1;41.92368;12.57115;1
9434;0;Viale Francesco Caltagirone, 452;PALERMO SAS DEL DR. ANTONINO PALERMO & C.;10668981003;132;58091;ROMA;-;58;RM;ROMA;120;LAZIO;01/06/2010;30/09/2010;Ordinaria;1;41.9111;12.65338;1
9435;0;Via Giustiniano Imperatore, 33;BRUNETTI DOTT. PIERLUIGI;13278101004;145;58091;ROMA;-;58;RM;ROMA;120;LAZIO;01/06/2015;-;Ordinaria;1;41.85699;12.47819;1
9436;0;Via P. di Dono, 35;FARMACIA VIII COLLE DELLA D.SSA ANTONELLA IZZO;12458911000;143;58091;ROMA;-;58;RM;ROMA;120;LAZIO;01/01/2005;-;Ordinaria;1;41.92368;12.57115;1
9437;0;Via Aosta, 89 Ang. Via Taranto, 60;SAN MARCO DOTT. GIULIO PALMIERI;8613161002;182;58091;ROMA;-;58;RM;ROMA;120;LAZIO;01/06/2006;-;Ordinaria;1;41.92368;12.57115;1
9438;0;Largo Preneste, 22;BORGHESI  GUGLIELMO;2205870583;176;58091;ROMA;-;58;RM;ROMA;120;LAZIO;01/09/2010;-;Ordinaria;1;41.89205;12.54067;1
9439;0;Via Appia Nuova, 97-97/a;ANTICA FARMACIA SAN GIOVANNI DELLA DR.SSA CLELIA ORLANDI & C. SAS;11449841003;183;58091;ROMA;-;58;RM;ROMA;120;LAZIO;01/11/2014;-;Ordinaria;1;41.92368;12.57115;1
9440;0;Via delle Palme, 195 a;COMUNALE DELLE PALME;5903241007;171;58091;ROMA;-;58;RM;ROMA;120;LAZIO;01/09/2007;28/02/2013;Ordinaria;1;41.4636;12.64434;1
9441;0;Via Sante Bargellini, 9c;COMUNALE SANTE BARGELLINI;7738870588;157;58091;ROMA;-;58;RM;ROMA;120;LAZIO;01/01/2005;31/10/2007;Ordinaria;1;41.9106;12.54572;1
9442;0;Via del Pigneto, 108 e/f;ANDRICOPULU DR.SSA KLIO;13125271000;176;58091;ROMA;-;58;RM;ROMA;120;LAZIO;01/03/2015;-;Ordinaria;1;41.92368;12.57115;1
9443;0;Via Torpignattara, 47;RAMUNDO MONTARSOLO RAFFAELLA;9716710588;177;58091;ROMA;-;58;RM;ROMA;120;LAZIO;01/01/2005;-;Ordinaria;1;41.92368;12.57115;1
9444;0;Via Carroceto, 85;LOIACONO ANNA;3628200580;178;58091;ROMA;-;58;RM;ROMA;120;LAZIO;01/01/2005;28/02/2013;Ordinaria;1;41.86503;12.53914;1
9445;0;Via del Peperino, 38;COMUNALE FERONIA;7004400581;158;58091;ROMA;-;58;RM;ROMA;120;LAZIO;01/01/2005;31/08/2007;Ordinaria;1;41.91788;12.55403;1
9446;0;Via Taranto, 162;BROCCHIERI DI GIGLIOLA E LAURA BROCCHIERI SNC;2205870583;182;58091;ROMA;-;58;RM;ROMA;120;LAZIO;01/01/2005;31/08/2010;Ordinaria;1;41.88538;12.51084;1
9447;0;Via Tullio Levi Civita, 64;ARRIGHI PAOLA;4808300588;146;58091;ROMA;-;58;RM;ROMA;120;LAZIO;01/01/2008;28/02/2013;Ordinaria;1;41.85595;12.47353;1
9448;0;Via Prenestina, 423;LOMBARDI MAURIZIO;4798330587;177;58091;ROMA;-;58;RM;ROMA;120;LAZIO;01/01/2005;-;Ordinaria;1;41.89026;12.68601;1
9449;0;Piazza Finocchiaro Aprile, 13/14;BARTOLE FRANCESCO;1066780584;181;58091;ROMA;-;58;RM;ROMA;120;LAZIO;01/01/2005;30/06/2007;Ordinaria;1;41.92368;12.57115;1
9450;0;Via Corfinio, 1;MARINI MARIA RITA;5039790588;183;58091;ROMA;-;58;RM;ROMA;120;LAZIO;01/01/2005;-;Ordinaria;1;41.88442;12.50877;1
9451;0;Via Renzo Bertami, 64;TAROLA GAETANO;5218200581;128;58091;ROMA;TOR DE CENCI;58;RM;ROMA;120;LAZIO;01/01/2005;31/08/2008;Ordinaria;1;41.92368;12.57115;1
9452;0;Via P. Braccini, 4;MANGLAVITI MARIA PIA;7685321007;128;58091;ROMA;-;58;RM;ROMA;120;LAZIO;01/01/2005;28/02/2013;Ordinaria;1;41.79986;12.44777;1
9453;0;Viale Beata Vergine del Carmelo, 73;TOMASELLI FRANCO;5665110580;144;58091;ROMA;-;58;RM;ROMA;120;LAZIO;01/01/2005;-;Ordinaria;1;41.8087;12.44517;1
9454;0;Via Ettore Giovenale, 10/12;CONTI MAURIZIO;7931720580;176;58091;ROMA;-;58;RM;ROMA;120;LAZIO;01/01/2005;31/03/2007;Ordinaria;1;41.89063;12.53151;1
9455;0;Via dell'Appagliatore, 46/c - Ang. Via Stiepovich;ODDI PASQUALE;6233100582;121;58091;ROMA;OSTIA LIDO;58;RM;ROMA;120;LAZIO;01/01/2005;-;Ordinaria;1;41.92368;12.57115;1
9456;0;Via Giacomo Biga, 10;GIMIGLIANO ANNA;7761331003;154;58091;ROMA;-;58;RM;ROMA;120;LAZIO;01/01/2008;-;Ordinaria;1;41.86154;12.48679;1
9457;0;Via Ostiense, 168;ALBERTAZZI PATRIZIA;6582000581;154;58091;ROMA;-;58;RM;ROMA;120;LAZIO;01/10/2010;-;Ordinaria;1;41.81703;12.43288;1
9458;0;Piazza Accademia Antiquaria, 1/2;MALATESTA CLAUDIO;6871950587;147;58091;ROMA;-;58;RM;ROMA;120;LAZIO;01/01/2005;-;Ordinaria;1;41.92368;12.57115;1
9459;0;Via Cad. Guerra Liberaz., 152-154;NICOTRA VINCENZO;7956551001;128;58091;ROMA;-;58;RM;ROMA;120;LAZIO;01/01/2005;28/02/2013;Ordinaria;1;41.90151;12.46077;1
9460;0;Via Ermanno Wolf Ferrari, 242 E/F;FARMACAP - COMUNALE ERMANNO WOLF FERRARI;7080161008;124;58091;ROMA;-;58;RM;ROMA;120;LAZIO;01/01/2005;31/08/2007;Ordinaria;1;41.74576;12.3799;1
9461;0;Circonvallazione Ostiense, 142;SERANGELI FRANCA MARIA;7004400581;154;58091;ROMA;-;58;RM;ROMA;120;LAZIO;01/01/2005;-;Ordinaria;1;41.86688;12.4906;1
9462;0;Largo Filippo Juvara, 5;VILLAGGIO AZZURRO SNC DEL DR. MURDOCCO PAOLO & C.;7114990588;128;58091;ROMA;Tre Pini;58;RM;ROMA;120;LAZIO;01/10/2010;-;Ordinaria;1;41.92368;12.57115;1
9463;0;Via G. Morandi, 163;COMUNALE  RUCCELAI - TOR SAPIENZA;5903241007;155;58091;ROMA;-;58;RM;ROMA;120;LAZIO;01/09/2007;-;Ordinaria;1;41.92368;12.57115;1
9464;0;Via C.T. Odescalchi, 3/a;MUSOLINO GIOVANNA;7401940585;147;58091;ROMA;-;58;RM;ROMA;120;LAZIO;01/01/2005;-;Ordinaria;1;41.92368;12.57115;1
9465;0;Via G. Alessi, 183;DAVID DOMENICO;8767930582;176;58091;ROMA;-;58;RM;ROMA;120;LAZIO;01/01/2005;30/06/2007;Ordinaria;1;41.92368;12.57115;1
9467;0;Via Pincherle, 28/34;ARRIGHI ILEANA;712040583;146;58091;ROMA;-;58;RM;ROMA;120;LAZIO;01/01/2005;30/06/2012;Ordinaria;1;41.92368;12.57115;1
9469;0;Via Laurentina, 591-591/a;PERRONI GIUSEPPE;7876920583;143;58091;ROMA;-;58;RM;ROMA;120;LAZIO;01/01/2005;-;Ordinaria;1;41.82283;12.47973;1
9470;0;Largo N. Cannella, 7;MARTELLI LUIGI ANTONIO;8549620584;128;58091;ROMA;-;58;RM;ROMA;120;LAZIO;01/01/2005;-;Ordinaria;1;41.92368;12.57115;1
9471;0;Via R. Pettazzoni, 24;TEDONE PAOLA;1414180586;177;58091;ROMA;-;58;RM;ROMA;120;LAZIO;01/01/2005;31/03/2015;Ordinaria;1;41.875;12.54471;1
9472;0;Via Prenestina, 365/e;VANNI MARCO;8534030583;177;58091;ROMA;-;58;RM;ROMA;120;LAZIO;01/01/2005;-;Ordinaria;1;41.92368;12.57115;1
9473;0;Via Giuseppe Cei, 45;FARMACRIMI AXA;10059001007;177;58091;ROMA;-;58;RM;ROMA;120;LAZIO;01/11/2009;30/09/2010;Ordinaria;1;41.92368;12.57115;1
9474;0;Via A. da Giussano, 40;SANASI RAFFAELE;8110310581;176;58091;ROMA;-;58;RM;ROMA;120;LAZIO;01/01/2005;30/11/2007;Ordinaria;1;41.89048;12.53451;1
9475;0;Via A. Cechov, 8;GALLITTO PATRIZIA;8681000587;142;58091;ROMA;-;58;RM;ROMA;120;LAZIO;01/01/2005;-;Ordinaria;1;41.92368;12.57115;1
9476;0;Via Pisino, 81/83 ang. Via Serenissima, 56;CARNOVALE FABRIZIO;8803940587;177;58091;ROMA;-;58;RM;ROMA;120;LAZIO;01/02/2008;-;Ordinaria;1;41.92368;12.57115;1
9477;0;Via Collatina, 29/A;COLLATINA NUOVA- DI DANIELA CRESCENZI-LUCETTA FRANCIONI-WILLIAM SELVI;8869060585;177;58091;ROMA;-;58;RM;ROMA;120;LAZIO;01/10/2010;28/02/2015;Ordinaria;1;41.90054;12.56698;1
9478;0;Via Edoardo D'Onofrio, 70;COMUNALE GOTTIFREDI - COLLI ANIENE;5903241007;155;58091;ROMA;-;58;RM;ROMA;120;LAZIO;01/03/2013;-;Ordinaria;1;41.9122;12.57205;1
9479;0;Via Lepetit, 207/209;COMUNALE BUTTARELLI TOR TRETESTE;5903241007;155;58091;ROMA;-;58;RM;ROMA;120;LAZIO;01/09/2007;-;Ordinaria;1;41.92368;12.57115;1
9480;0;Via Casola Valsenio, 10;FORCELLESE PASQUALINO;9066510588;127;58091;ROMA;VITINIA;58;RM;ROMA;120;LAZIO;01/01/2005;30/06/2007;Ordinaria;1;41.79147;12.4079;1
9481;0;Via Enna, 17;LA MARTIRE GAETANO;9086240588;182;58091;ROMA;-;58;RM;ROMA;120;LAZIO;01/01/2005;-;Ordinaria;1;41.88292;12.52306;1
9482;0;Via di Trigoria, 96 D;ESPOSITO VINCENZO;3919801005;128;58091;ROMA;-;58;RM;ROMA;120;LAZIO;01/01/2005;-;Ordinaria;1;41.92368;12.57115;1
9483;0;Via L. Bufalini, 37/47;CAMILLI FABIO;3379720588;176;58091;ROMA;-;58;RM;ROMA;120;LAZIO;01/01/2005;30/09/2010;Ordinaria;1;41.92368;12.57115;1
9484;0;-;CRISTINI GIULIO;8273540586;176;58091;ROMA;-;58;RM;ROMA;120;LAZIO;01/01/2005;31/05/2006;Ordinaria;1;41.88549;12.54289;1
9485;0;Via A. Crivellucci, 37/39/41;FANTASIA LEA;8670210585;179;58091;ROMA;-;58;RM;ROMA;120;LAZIO;01/01/2005;-;Ordinaria;1;41.92368;12.57115;1
9486;0;Via del Pigneto, 77;ARMATO BRUNO;3286670587;176;58091;ROMA;-;58;RM;ROMA;120;LAZIO;01/09/2010;-;Ordinaria;1;41.27621;13.08861;1
9487;0;Via Acqua Bullicante, 72;SILVESTRINI LUCA;9271600588;177;58091;ROMA;-;58;RM;ROMA;120;LAZIO;01/01/2005;-;Ordinaria;1;41.88431;12.54343;1
9488;0;Via del Pigneto, 162/g-Ang.Via M.Sanaudo,1;OLIMPIA SAS DELLA DR.SSA TERESA COFANO;6683710583;176;58091;ROMA;-;58;RM;ROMA;120;LAZIO;01/03/2013;-;Ordinaria;1;41.92368;12.57115;1
9489;0;Via Collatina, 112;ABUDI LINDA;64980584;177;58091;ROMA;-;58;RM;ROMA;120;LAZIO;01/01/2005;31/08/2010;Ordinaria;1;41.90054;12.56698;1
9490;0;Piazza Federico Marcello Lante, 32;PALMIERI SNC;4256551005;147;58091;ROMA;-;58;RM;ROMA;120;LAZIO;01/01/2005;30/06/2011;Ordinaria;1;41.85295;12.50279;1
9491;0;Via Taranto, 111;RAGUSA DR.SSA MARIA ANTONIETTA MACRI' E C. SAS;13071751005;182;58091;ROMA;-;58;RM;ROMA;120;LAZIO;01/03/2015;-;Ordinaria;1;41.88538;12.51084;1
9492;0;Via A. Meldola, 112;S. FRANCESCO DI PAOLA DI C. & G. TEBANO SNC;4428251005;143;58091;ROMA;Vigna Murata;58;RM;ROMA;120;LAZIO;01/01/2005;-;Ordinaria;1;41.92368;12.57115;1
9493;0;Via Benedetto Croce, 149/151/153;SANTONI LIVIA;-;142;58091;ROMA;-;58;RM;ROMA;120;LAZIO;01/03/2009;31/05/2009;Ordinaria;1;41.84169;12.48392;1
9494;0;Via R. R. Garibaldi, 87;GATTI PAOLA;9475850583;145;58091;ROMA;-;58;RM;ROMA;120;LAZIO;01/01/2005;-;Ordinaria;1;41.92368;12.57115;1
9495;0;Via Prenestina, 204/c;SPATARO MARIA;9541810587;176;58091;ROMA;-;58;RM;ROMA;120;LAZIO;01/01/2005;28/02/2013;Ordinaria;1;41.92368;12.57115;1
9496;0;Via L'Aquila, 13;PALOMBO GIOVANNI;4556751008;176;58091;ROMA;-;58;RM;ROMA;120;LAZIO;01/01/2005;-;Ordinaria;1;41.8908;12.52617;1
9497;0;Via Furio Camillo, 10;FRISONI UMBERTO & C. SNC;4534321007;181;58091;ROMA;-;58;RM;ROMA;120;LAZIO;01/02/2015;-;Ordinaria;1;41.65524;12.48961;1
9498;0;Via Mario Menghini, 13;GALLOT - GALLAZZI PAOLA & C. SNC;4541741007;179;58091;ROMA;-;58;RM;ROMA;120;LAZIO;01/01/2005;-;Ordinaria;1;41.86887;12.52765;1
9499;0;Via Camillo Sabatini, 140;TORRINO-SCARAMELLA M.CATERINA & C. SAS;4450551009;144;58091;ROMA;Torrino;58;RM;ROMA;120;LAZIO;01/01/2005;-;Ordinaria;1;41.8169;12.43852;1
9500;0;Piazza Roberto Malatesta, 38;D'ERAMO MARCO NICOLO';7598671001;176;58091;ROMA;-;58;RM;ROMA;120;LAZIO;01/09/2010;28/02/2013;Ordinaria;1;41.88703;12.54036;1
9501;0;Via Morozzo della Rocca, 34;LA DONNA ANGELA;9671210582;159;58091;ROMA;-;58;RM;ROMA;120;LAZIO;01/09/2010;-;Ordinaria;1;41.89834;12.534;1
9502;0;Via Tarquinio Prisco, 46;FOGLIANI DR. GIANCARLO E A. SNC;4571771007;181;58091;ROMA;-;58;RM;ROMA;120;LAZIO;01/01/2005;-;Ordinaria;1;41.97796;12.05116;1
9503;0;Via Elio Lampridio Cerva, 147;AZZELLINO COSIMA;9647710582;143;58091;ROMA;-;58;RM;ROMA;120;LAZIO;01/10/2010;-;Ordinaria;1;41.8238;12.50223;1
9504;0;Via Carmelo Maestrini, 100;BRUGNOLI ALESSIO;6730681001;128;58091;ROMA;-;58;RM;ROMA;120;LAZIO;01/01/2005;-;Ordinaria;1;41.79406;12.44858;1
9505;0;Largo Irpinia, 40;CONTI MARINA;9732140588;177;58091;ROMA;-;58;RM;ROMA;120;LAZIO;01/01/2008;-;Ordinaria;1;41.89294;12.55097;1
9506;0;Via Tommaso da Celano, 27/c;GAONI RAFFAELLA;12661241005;179;58091;ROMA;-;58;RM;ROMA;120;LAZIO;01/01/2005;-;Ordinaria;1;41.92368;12.57115;1
9507;0;Via Macinghi Strozzi, 7;MATTERA ADELE;9779000588;145;58091;ROMA;-;58;RM;ROMA;120;LAZIO;01/01/2005;-;Ordinaria;1;41.92368;12.57115;1
9508;0;Via della Villa di Lucina, 51 A-B-C;COSTANTINO DELLA DR.SSA SANDRA ARRIGHI;9159841007;145;58091;ROMA;-;58;RM;ROMA;120;LAZIO;01/07/2007;-;Ordinaria;1;41.92368;12.57115;1
9509;0;Via Tuscolana, 460;VERDIGLIONE ENRICO;9930290581;181;58091;ROMA;-;58;RM;ROMA;120;LAZIO;01/01/2005;-;Ordinaria;1;41.92368;12.57115;1
9510;0;V.le Partenope, 96;ANNETTA MARIA GIUSEPPINA;584860589;177;58091;ROMA;-;58;RM;ROMA;120;LAZIO;01/01/2005;31/08/2010;Ordinaria;1;41.88953;12.55139;1
9511;0;Via Colle Nocello, 147;LORENTI SAS DELLA DR.SSA MARIA TERESA IANNOTTA;9953600583;12;58047;GUIDONIA MONTECELIO;La Botte;58;RM;ROMA;120;LAZIO;01/01/2005;31/08/2010;Ordinaria;1;41.97941;12.76759;1
9512;0;Via V. Cerulli, 16/20;CATTI CARMELA TIZIANA;4547721003;143;58091;ROMA;-;58;RM;ROMA;120;LAZIO;01/01/2005;31/12/2007;Ordinaria;1;41.82434;12.49107;1
9513;0;Via La Spezia, 96/98;EREDI ANGELONI ALBERTO;10110930582;182;58091;ROMA;-;58;RM;ROMA;120;LAZIO;01/01/2005;31/03/2007;Ordinaria;1;41.94826;12.08468;1
9514;0;Via Ciro da Urbino, 37;S. GIUSEPPE DR.SSA ANNA RASULO;10006140585;176;58091;ROMA;-;58;RM;ROMA;120;LAZIO;01/01/2005;-;Ordinaria;1;41.87814;12.54036;1
9515;0;Via Etruria, 13/B;LOPRIORE SNC;5006371008;183;58091;ROMA;-;58;RM;ROMA;120;LAZIO;01/06/2015;-;Ordinaria;1;41.87877;12.51382;1
9516;0;Via Dino Penazzato, 83/E 83/F;VALLATI AUGUSTO E ALESSANDRO SNC;4937731000;177;58091;ROMA;-;58;RM;ROMA;120;LAZIO;01/01/2005;-;Ordinaria;1;41.92368;12.57115;1
9517;0;V.le Venezia Giulia, 113;ANNETTA ANTONINO;478840580;177;58091;ROMA;-;58;RM;ROMA;120;LAZIO;01/01/2005;31/01/2008;Ordinaria;1;41.95468;12.76926;1
9518;0;Circonvallazione Ostiense, 289;GARBATELLA DEL DOTT. PAOLINETTI;5140631002;154;58091;ROMA;-;58;RM;ROMA;120;LAZIO;01/03/2013;-;Ordinaria;1;41.86688;12.4906;1
9519;0;Via Eurialo, 35;ZELLI GIULIO;10406120583;181;58091;ROMA;-;58;RM;ROMA;120;LAZIO;01/01/2005;-;Ordinaria;1;41.65618;12.48825;1
9520;0;Via Appia Nuova, 213;DE LONGIS FRANCESCO;10199850586;183;58091;ROMA;-;58;RM;ROMA;120;LAZIO;01/10/2010;-;Ordinaria;1;41.79704;12.58736;1
9521;0;Via A. Zanetta, 130;TATA ANTONIO;10141710581;143;58091;ROMA;-;58;RM;ROMA;120;LAZIO;01/01/2005;31/10/2014;Ordinaria;1;41.92368;12.57115;1
9522;0;Via del Pianeta Giove, 68;PERLINI MARINA;10147280589;144;58091;ROMA;-;58;RM;ROMA;120;LAZIO;01/01/2005;28/02/2013;Ordinaria;1;41.92368;12.57115;1
9523;0;Via Davide Carazzi, 31;DIVINO AMORE SNC;9823070587;134;58091;ROMA;Divino Amore;58;RM;ROMA;120;LAZIO;01/01/2005;-;Ordinaria;1;41.76493;12.55814;1
9524;0;Via Ostiense, 53;GIAQUINTO PAOLO EMILIO;7618991009;154;58091;ROMA;-;58;RM;ROMA;120;LAZIO;01/01/2005;-;Ordinaria;1;41.81703;12.43288;1
9525;0;Piazzale Cina, 60;MINERVAE A. E PINO F. SNC;5383951000;144;58091;ROMA;-;58;RM;ROMA;120;LAZIO;01/01/2005;-;Ordinaria;1;41.80764;12.43156;1
9526;0;Viale dell'Esercito, 62/f;VAVALA' RAFFAELE;10475900584;143;58091;ROMA;-;58;RM;ROMA;120;LAZIO;01/01/2005;31/12/2014;Ordinaria;1;41.80475;12.49918;1
9527;0;Via Casilina, 474 a/b;GIACOBBI DONATELLA;10388430588;177;58091;ROMA;-;58;RM;ROMA;120;LAZIO;01/01/2005;30/06/2007;Ordinaria;1;41.92368;12.57115;1
9528;0;Via Nocera Umbra, 184/186;LA MARTIRE SNC;5380511005;181;58091;ROMA;-;58;RM;ROMA;120;LAZIO;01/01/2005;-;Ordinaria;1;41.87688;12.52628;1
9529;0;Via Britannia, 2/4/6;ETRURIA DEL DOTT. REDINI MICHELE;8443161008;183;58091;ROMA;-;58;RM;ROMA;120;LAZIO;01/01/2005;-;Ordinaria;1;41.87975;12.50821;1
9530;0;Via Fiume Bianco, 46;FIUME BIANCO SNC;5445961005;144;58091;ROMA;-;58;RM;ROMA;120;LAZIO;01/01/2005;-;Ordinaria;1;41.81631;12.43842;1
9531;0;Piazza Montecastrilli, 13;DI MAIRA SILVANA;10476710586;181;58091;ROMA;-;58;RM;ROMA;120;LAZIO;01/01/2005;-;Ordinaria;1;41.87714;12.53258;1
9532;0;Via A. Baccarini, 22/c;BARTALOTTA FRANCESCO;10596260587;179;58091;ROMA;-;58;RM;ROMA;120;LAZIO;01/09/2010;-;Ordinaria;1;41.92368;12.57115;1
9533;0;Via Luigi Caffaro, 9;ANGELINI ROBERTO;5223540583;154;58091;ROMA;-;58;RM;ROMA;120;LAZIO;01/01/2005;31/01/2015;Ordinaria;1;41.92368;12.57115;1
9534;0;-;CASTELFORTE SNC;5559081004;171;58091;ROMA;-;58;RM;ROMA;120;LAZIO;01/01/2005;31/05/2006;Ordinaria;1;41.89132;12.55664;1
9535;0;Via Simone Martini, 34/36;PONTECORVI ANGELO;4489381006;143;58091;ROMA;-;58;RM;ROMA;120;LAZIO;01/10/2010;-;Ordinaria;1;41.82674;12.48818;1
9536;0;Via Cesare Pavese, 96/C;PAVESE DELLA DR.SSA LO PINTO RITA E C. SNC;9733820584;144;58091;ROMA;-;58;RM;ROMA;120;LAZIO;01/03/2013;-;Ordinaria;1;41.92368;12.57115;1
9537;0;Viale dell'Aereonautica, 37;CORSETTI PIO;10852950582;144;58091;ROMA;-;58;RM;ROMA;120;LAZIO;01/01/2005;-;Ordinaria;1;41.90151;12.46077;1
9538;0;Circonvallazione Ostiense, 218;PERUZZI PAOLA;10826510587;154;58091;ROMA;-;58;RM;ROMA;120;LAZIO;01/01/2005;-;Ordinaria;1;41.92368;12.57115;1
9539;0;Via Rocca Priora, 60;COLLI ALBANI;10887190584;179;58091;ROMA;-;58;RM;ROMA;120;LAZIO;01/01/2005;-;Ordinaria;1;41.48372;12.67937;1
9540;0;Viale Citta' d'Europa, 700;CITTA' D'EUROPA SNC;4910120585;144;58091;ROMA;Torrino Nord;58;RM;ROMA;120;LAZIO;01/01/2005;30/09/2007;Ordinaria;1;41.82498;12.45422;1
9541;0;Via G. Trevis, 60/68;CRISTOFORO COLOMBO DOTT. OSVALDO MOLTEDO;5983131003;147;58091;ROMA;-;58;RM;ROMA;120;LAZIO;01/01/2005;-;Ordinaria;1;41.92368;12.57115;1
9542;0;Largo Pannonia, 4/5/6/7;PORTA METRONIA;2154800581;183;58091;ROMA;-;58;RM;ROMA;120;LAZIO;01/01/2005;30/04/2013;Ordinaria;1;41.87974;12.50169;1
9543;0;Via Ostiense, 85-85/A;OSTIENSE SNC DI ANGELI MASSIMO E OLIVIERI ANTONIO;6023681007;154;58091;ROMA;-;58;RM;ROMA;120;LAZIO;01/01/2005;-;Ordinaria;1;41.92368;12.57115;1
9544;0;Piazza Ronchi, 2;RONCHI SNC;5879471000;177;58091;ROMA;-;58;RM;ROMA;120;LAZIO;01/01/2005;-;Ordinaria;1;41.87724;12.55434;1
9545;0;Viale Eroi di Cefalonia, 109;SPINACETO SNC;5990111006;128;58091;ROMA;-;58;RM;ROMA;120;LAZIO;01/01/2005;-;Ordinaria;1;41.92368;12.57115;1
9546;0;Via Vittorio De Sica, 32;OLGIATA SNC DEI DR.I MASSIMO E PAOLO PICCHIONI;8528381000;123;58091;ROMA;-;58;RM;ROMA;120;LAZIO;01/01/2005;30/04/2007;Ordinaria;1;42.02107;12.37423;1
9547;0;Via Augusto Dulceri, 19;DI SALVIA DEL DR. DI SALVIA MICHELE E .C SAS;11172931005;176;58091;ROMA;-;58;RM;ROMA;120;LAZIO;01/03/2011;-;Ordinaria;1;41.92368;12.57115;1
9548;0;Via Tommaso da Celano, 122;EREDI ROSA GIUSEPPE SNC DI ROSA BARBARA E GAMBACCINI PAOLA;6371711000;179;58091;ROMA;-;58;RM;ROMA;120;LAZIO;01/01/2005;31/12/2010;Ordinaria;1;41.92368;12.57115;1
9549;0;Via Adolfo Omodeo, 66/68;FONSI SILVIA;7752791009;179;58091;ROMA;-;58;RM;ROMA;120;LAZIO;01/01/2005;-;Ordinaria;1;41.92368;12.57115;1
9550;0;Piazza S. M. Ausiliatrice, 39-40;GIANCOTTI ENRICO ALFONSO;6406231008;181;58091;ROMA;-;58;RM;ROMA;120;LAZIO;01/01/2005;-;Ordinaria;1;41.87323;12.52855;1
9551;0;Via Casilina, 439/B;CASILINA DOTT. NICOLA MAURO;6526961005;176;58091;ROMA;-;58;RM;ROMA;120;LAZIO;01/01/2005;-;Ordinaria;1;41.92368;12.57115;1
9552;0;Via dell'Acqua Bullicante, 202;ANACAPRI DI LUISELLA FESTINANTE;6402581000;177;58091;ROMA;-;58;RM;ROMA;120;LAZIO;01/10/2010;30/04/2011;Ordinaria;1;41.89028;12.54206;1
9553;0;Piazza C. Cantu', 2;CANTU' DOTT. BORYSOWICZ STEFANO;6666191009;181;58091;ROMA;-;58;RM;ROMA;120;LAZIO;01/01/2005;-;Ordinaria;1;41.92368;12.57115;1
9554;0;Piazza Epiro, 7;PORRECA MARCO GIULIANO;6480661005;183;58091;ROMA;-;58;RM;ROMA;120;LAZIO;01/01/2005;-;Ordinaria;1;41.87876;12.5043;1
9555;0;Via Renzo da Ceri, 66 ang. Via S. di Bastelica, 48;BASTELICA DOTT. GABRIELE GIUSEPPE ROMEO;6724851008;176;58091;ROMA;-;58;RM;ROMA;120;LAZIO;01/01/2005;-;Ordinaria;1;41.90151;12.46077;1
9556;0;Piazza Cesare Baronio, 4/A;MEMEO DOTT. NICCOLO' DI GRAVINA;6804991005;179;58091;ROMA;-;58;RM;ROMA;120;LAZIO;01/01/2005;-;Ordinaria;1;41.87318;12.52084;1
9557;0;Via Accademia del Cimento, 16;DEL CIMENTO DOTT. ANGELO IZZO;7072701001;147;58091;ROMA;-;58;RM;ROMA;120;LAZIO;01/01/2005;-;Ordinaria;1;41.85185;12.4957;1
9558;0;Via Sabaudia, 71;SABAUDIA SNC DI VALERIA E MARCO MORI;6157701001;171;58091;ROMA;-;58;RM;ROMA;120;LAZIO;01/01/2005;30/04/2013;Ordinaria;1;41.89439;12.55763;1
9559;0;Via della Marranella, 41;ELMO VITTORIA;7153361006;176;58091;ROMA;-;58;RM;ROMA;120;LAZIO;01/01/2005;-;Ordinaria;1;41.92368;12.57115;1
9560;0;Piazza Roselle, 1;BARGONI FRANCO;1051230587;179;58091;ROMA;-;58;RM;ROMA;120;LAZIO;01/01/2005;31/12/2007;Ordinaria;1;41.92368;12.57115;1
9561;0;Via Castellammare, 59;SPADA DEL DOTT. CLAUDIO SABBATINI SNC;8492741007;50;58120;FIUMICINO;FREGENE;58;RM;ROMA;120;LAZIO;01/10/2010;-;Ordinaria;1;41.84541;12.20535;1
9562;0;via delle Vigne, 163;DI LEONE GIAMBATTISTA;9671210582;148;58091;ROMA;-;58;RM;ROMA;120;LAZIO;01/01/2005;30/09/2010;Ordinaria;1;41.84597;12.42035;1
9563;0;Via del Trullo, 294-296;EREDI DOTT. TORELLI ANDREA;10058421008;148;58091;ROMA;-;58;RM;ROMA;120;LAZIO;01/09/2008;28/02/2010;Ordinaria;1;41.85111;12.43485;1
9564;0;Via Capo Passero, 26/32;EREDI DI CARLO ROMOLO;12995861007;122;58091;ROMA;OSTIA LIDO;58;RM;ROMA;120;LAZIO;01/01/2005;-;Ordinaria;1;41.92368;12.57115;1
9565;0;Via della Consolata, 7/9;LEONARDIS GERARDO;1057861005;164;58091;ROMA;-;58;RM;ROMA;120;LAZIO;01/01/2005;30/09/2010;Ordinaria;1;41.87698;12.42129;1
9566;0;Via G. Ricci Curbastro, 3;SPINELLI MAURIZIO & C. SNC;10707381009;149;58091;ROMA;-;58;RM;ROMA;120;LAZIO;01/04/2010;-;Ordinaria;1;41.92368;12.57115;1
9567;0;Via Avicenna, 8/10;ARRIGHI DEL DR. LUIGI NAVA;7526681007;146;58091;ROMA;-;58;RM;ROMA;120;LAZIO;01/01/2005;-;Ordinaria;1;41.86527;12.47154;1
9568;0;Piazza del Maccarese, 14;BORTOLAN ANNA MARIA;5586161001;57;58120;FIUMICINO;MACCARESE;58;RM;ROMA;120;LAZIO;01/01/2005;31/03/2007;Ordinaria;1;41.88756;12.22867;1
9569;0;Via A. G. Barrili, 7;MILANI FAGIOLO BRUNO;712270586;152;58091;ROMA;-;58;RM;ROMA;120;LAZIO;01/01/2005;-;Ordinaria;1;41.92368;12.57115;1
9570;0;Viale Trastevere, 229;LOFARO ANNUNZIATA;476970587;153;58091;ROMA;-;58;RM;ROMA;120;LAZIO;01/01/2005;-;Ordinaria;1;41.90151;12.46077;1
9571;0;Via Portuense, 468;PENNACCHIA PIER LUIGI;1051440582;149;58091;ROMA;-;58;RM;ROMA;120;LAZIO;01/01/2005;-;Ordinaria;1;41.84327;12.40431;1
9572;0;Largo Bilancioni, 8/11 (Via Pio FoÃ¯Â¿Â½);SANT'ELENA DELLE DR.SSE ANNA MARIA E ANNA LAURA PELLEGRINI SNC;7551721009;152;58091;ROMA;-;58;RM;ROMA;120;LAZIO;01/02/2007;31/03/2013;Ordinaria;1;41.92368;12.57115;1
9573;0;Via S. Pantaleo Campano, 28/d;MUCELLI GINA & C. SNC;10089551005;149;58091;ROMA;-;58;RM;ROMA;120;LAZIO;01/11/2009;-;Ordinaria;1;41.92368;12.57115;1
9574;0;Via Portuense, 718;BRANCHINI ROSANNA;1405530583;148;58091;ROMA;-;58;RM;ROMA;120;LAZIO;01/01/2008;31/10/2009;Ordinaria;1;41.84327;12.40431;1
9575;0;Via G. Giorgios, 214/d;DI TERLIZZI DEL DR. DI TERLIZZI PANTALEO MARIA & C. SAS;-;54;58120;FIUMICINO;FIUMICINO - ISOLA SACRA;58;RM;ROMA;120;LAZIO;01/01/2008;31/03/2013;Ordinaria;1;41.88756;12.22867;1
9576;0;Via Portuense, 425;CASSAR EMMA;2111790586;149;58091;ROMA;-;58;RM;ROMA;120;LAZIO;01/01/2008;31/03/2013;Ordinaria;1;41.84327;12.40431;1
9577;0;Via della Corrazzata, 71 ang. V.del Sommerg;FARMACIA SIRENE DI  VENTRESCA CLAUDIA;9657681004;121;58091;ROMA;OSTIA LIDO;58;RM;ROMA;120;LAZIO;01/01/2010;-;Ordinaria;1;41.92368;12.57115;1
9578;0;Piazza E. Morelli, 23-24;FARMACIA DEI COLLI DR. FULVIO COSCONATI SAS;1277932104;151;58091;ROMA;-;58;RM;ROMA;120;LAZIO;01/01/2005;-;Ordinaria;1;41.85964;12.4457;1
9579;0;Via Aurelia, 2835 (Km. 28);ROANI SCIUTO ANDREINA;5587151001;50;58120;FIUMICINO;TORREIMPIETRA;58;RM;ROMA;120;LAZIO;01/10/2010;-;Ordinaria;1;41.88756;12.22867;1
9580;0;Via A. Piola Caselli, 82/b-c;SPARTIVENTO SNC DEI DR.I BIANCAPAOLA PETTINELLA E GAETANO CORDIO;7260581009;122;58091;ROMA;OSTIA LIDO;58;RM;ROMA;120;LAZIO;01/01/2005;30/04/2015;Ordinaria;1;41.92368;12.57115;1
9581;0;Largo Zabeccari, 6;ANITORI CLAUDIO;450500582;149;58091;ROMA;-;58;RM;ROMA;120;LAZIO;01/01/2005;30/09/2010;Ordinaria;1;41.92368;12.57115;1
9582;0;Largo Esopo, 20;PALMIOTTI CALO' GIULIANA;3183830581;124;58091;ROMA;CASAL PALOCCO;58;RM;ROMA;120;LAZIO;01/01/2005;31/08/2010;Ordinaria;1;41.92368;12.57115;1
9583;0;P.za S. Giovanni di Dio, 14;GARRONI EVARISTO;3239000585;152;58091;ROMA;-;58;RM;ROMA;120;LAZIO;01/01/2005;31/08/2012;Ordinaria;1;41.87444;12.44667;1
9584;0;Piazza A.F.Doria Pamphili, 14;ZANOBI AIDA;3261470581;149;58091;ROMA;-;58;RM;ROMA;120;LAZIO;01/01/2005;-;Ordinaria;1;41.92368;12.57115;1
9585;0;Piazza della Radio, 39 39/A;TACCHINO ALESSANDRA MARIA;9868271009;146;58091;ROMA;-;58;RM;ROMA;120;LAZIO;01/02/2008;-;Ordinaria;1;41.92368;12.57115;1
9586;0;Via G. Carini, 44;ROMAGNUOLO MARIA CATERINA;3438510582;152;58091;ROMA;-;58;RM;ROMA;120;LAZIO;01/01/2005;-;Ordinaria;1;41.92368;12.57115;1
9587;0;Via di Torre Clementina, 76/78;FARMACIA SANTAMARIA DELLA SALUTE;3537710588;54;58120;FIUMICINO;-;58;RM;ROMA;120;LAZIO;01/09/2007;-;Ordinaria;1;41.77119;12.22794;1
9588;0;Via Matteo Ripa, 43;GAMBADAURO GIOVANNI;3852260581;126;58091;ROMA;ACILIA;58;RM;ROMA;120;LAZIO;01/01/2005;31/01/2008;Ordinaria;1;41.92368;12.57115;1
9589;0;Via R. De Cosa, 2;CALISTI GIUSEPPINA;4796440586;122;58091;ROMA;OSTIA LIDO;58;RM;ROMA;120;LAZIO;01/01/2005;31/03/2013;Ordinaria;1;41.92368;12.57115;1
9590;0;Piazza S. Pierdamiani, 40;MAJONE DI AMALIA MAJONE E LUCIANA MAJONE E C. SNC;9567611000;125;58091;ROMA;ACILIA;58;RM;ROMA;120;LAZIO;01/10/2007;-;Ordinaria;1;41.90151;12.46077;1
9591;0;Via G. Bonichi, 115;FARMACRIMI ACILIA DEL DR. VINCENZO CRIMI & C. SAS;9312571004;125;58091;ROMA;ACILIA;58;RM;ROMA;120;LAZIO;01/04/2008;30/09/2010;Ordinaria;1;41.92368;12.57115;1
9592;0;Via Camillo Serafini, 28;LORPHARMA SAS DI MOZZETTI SAVERIO & C.;4571831009;164;58091;ROMA;-;58;RM;ROMA;120;LAZIO;01/04/2010;30/09/2010;Ordinaria;1;41.87858;12.42772;1
9593;0;Via della Magliana, 191-191/a;CENTONZE RENATO;5436000581;146;58091;ROMA;-;58;RM;ROMA;120;LAZIO;01/09/2010;-;Ordinaria;1;41.85015;12.45909;1
9594;0;Via Prenestina, 1206 A/B;COMUNALE COLLE PRENESTINO;6343271000;155;58091;ROMA;-;58;RM;ROMA;120;LAZIO;01/01/2005;31/08/2007;Ordinaria;1;41.92368;12.57115;1
9595;0;Viale dei Quattro Venti, 160 A;DI SALVO GIUSTINO;3817821006;152;58091;ROMA;-;58;RM;ROMA;120;LAZIO;01/01/2005;31/08/2011;Ordinaria;1;41.92368;12.57115;1
9596;0;Via della Pisana, 370-Edificio E-Negozio A;PETITTO GIANLUIGI;5719880584;163;58091;ROMA;-;58;RM;ROMA;120;LAZIO;01/01/2005;-;Ordinaria;1;41.92368;12.57115;1
9597;0;Aerostaz.Intern.le L. Da Vinci;SALA MAURA ANGELA;-;54;58120;FIUMICINO;AEROPORTO;58;RM;ROMA;120;LAZIO;01/07/2007;31/08/2010;Ordinaria;1;41.88756;12.22867;1
9598;0;Via Del Trullo, 162/164;FOCOLARI NANDO;-;148;58091;ROMA;-;58;RM;ROMA;120;LAZIO;01/01/2005;30/09/2010;Ordinaria;1;41.85111;12.43485;1
9599;0;Via G.G. Zerbi, 47;DEI PROMONTORI DR.SSA ALESSANDRA BREHERET;9415921007;122;58091;ROMA;OSTIA LIDO;58;RM;ROMA;120;LAZIO;01/07/2007;31/12/2007;Ordinaria;1;41.76713;12.47229;1
9600;0;Via Enrico Fermi, 1/3/5;PASSARETTA ADA;6214480581;146;58091;ROMA;-;58;RM;ROMA;120;LAZIO;01/01/2005;-;Ordinaria;1;41.8175;12.67317;1
9601;0;Via Menandro, 13 (ang. Via Sofocle);CALISE LILIANA;893590588;125;58091;ROMA;Axa;58;RM;ROMA;120;LAZIO;01/09/2010;-;Ordinaria;1;41.92368;12.57115;1
9602;0;Via G. Fuggetta, 76;ADROWER DEL DR. ROBERTO ADROWER;9410380589;149;58091;ROMA;-;58;RM;ROMA;120;LAZIO;01/09/2010;-;Ordinaria;1;41.92368;12.57115;1
9603;0;Via Sermoneta, 10;COMUNALE COLLI ALBANI;6388331008;177;58091;ROMA;-;58;RM;ROMA;120;LAZIO;01/01/2005;31/08/2007;Ordinaria;1;41.48579;12.65417;1
9604;0;Piazzale E. Dunant, 11 A/B;MONTEVERDE DR. FABRIZIO CUTELLI;7050931000;152;58091;ROMA;-;58;RM;ROMA;120;LAZIO;01/01/2005;28/02/2013;Ordinaria;1;41.92368;12.57115;1
9605;0;Via del Trullo, 392;CIANCI LUIGI;5060540589;148;58091;ROMA;-;58;RM;ROMA;120;LAZIO;01/01/2005;31/12/2007;Ordinaria;1;41.85111;12.43485;1
9606;0;Via della Pisana, 92;JUNGANO MARIA VITA;7857080589;163;58091;ROMA;-;58;RM;ROMA;120;LAZIO;01/01/2005;28/02/2013;Ordinaria;1;41.88011;12.4172;1
9607;0;Via Giovanni Garau, 9 Ang.V.le Rep. Marinare;DEL LIDO EREDI MASTELLI SNC DI GIULIANI GIANNA E FIGLIE;1923391005;121;58091;ROMA;OSTIA LIDO;58;RM;ROMA;120;LAZIO;01/01/2005;-;Ordinaria;1;41.90151;12.46077;1
9608;0;Viale Vicopisano, 62;IZZO SILVIA;8068060584;146;58091;ROMA;-;58;RM;ROMA;120;LAZIO;01/01/2005;-;Ordinaria;1;41.84711;12.45986;1
9609;0;Via Donna Olimpia, 194;EREDI TRAINA SNC DI DANIELE E ANTONELLA MARCHI;12267951007;152;58091;ROMA;-;58;RM;ROMA;120;LAZIO;01/01/2005;-;Ordinaria;1;41.92368;12.57115;1
9610;0;Via Valtellina, 94;SAN FRANCESCO DOTT.SSA FRANCESCA DONATI;12989621003;151;58091;ROMA;-;58;RM;ROMA;120;LAZIO;01/11/2014;-;Ordinaria;1;41.92368;12.57115;1
9611;0;Via G. Sirtori, 35;ANGELINI ANNA MARIA;8785090583;149;58091;ROMA;-;58;RM;ROMA;120;LAZIO;01/01/2008;28/02/2013;Ordinaria;1;41.85539;12.4496;1
9612;0;Viale Quattro venti, 73/b/c;BENASSAI PIER DOMENICO;1363290584;152;58091;ROMA;-;58;RM;ROMA;120;LAZIO;01/01/2005;30/09/2010;Ordinaria;1;41.88248;12.45891;1
9613;0;Viale Vasco De Gama, 38;ADILARDI PAOLA;8981600581;121;58091;ROMA;OSTIA LIDO;58;RM;ROMA;120;LAZIO;01/01/2005;28/02/2013;Ordinaria;1;41.73427;12.27579;1
9614;0;Via S. Gherardi, 106;MODICA ORSOLA;9079210580;146;58091;ROMA;-;58;RM;ROMA;120;LAZIO;01/01/2005;-;Ordinaria;1;41.92368;12.57115;1
9615;0;Via Portuense, 1440/A;FOCOLARI LEONE;8562470586;50;58091;ROMA;PONTE GALERIA;58;RM;ROMA;120;LAZIO;01/01/2005;-;Ordinaria;1;41.85807;12.44769;1
9616;0;Via Edoardo Jenner, 109;ROSSI GIAMPIERO;9151300580;151;58091;ROMA;-;58;RM;ROMA;120;LAZIO;01/01/2005;-;Ordinaria;1;41.87245;12.44523;1
9617;0;Via Ferdinando Acton, 23;ANGELINI LAURA;-;122;58091;ROMA;OSTIA LIDO;58;RM;ROMA;120;LAZIO;01/01/2005;30/09/2010;Ordinaria;1;41.73058;12.29217;1
9618;0;Via dei Colli Portuensi, 310/A;VILLARI ALESSANDRA;6466610729;151;58091;ROMA;-;58;RM;ROMA;120;LAZIO;01/11/2011;-;Ordinaria;1;41.86532;12.4436;1
9619;0;Via Pescaglia, 29;DE BERARDINIS MARIO;9079210580;146;58091;ROMA;-;58;RM;ROMA;120;LAZIO;01/01/2005;31/12/2007;Ordinaria;1;41.84846;12.46531;1
9620;0;Via Casetta Mattei, 202;LU.FER.FARMA-G. LUCIANI & C. SNC;4365751009;148;58091;ROMA;-;58;RM;ROMA;120;LAZIO;01/01/2005;-;Ordinaria;1;41.85825;12.41946;1
9621;0;Via Bravetta, 82/84;SALVATORE DELLA DR.SSA CUOZZO CARMELITA;9831290581;164;58091;ROMA;-;58;RM;ROMA;120;LAZIO;01/01/2005;-;Ordinaria;1;41.92368;12.57115;1
9622;0;Piazza di Spagna , 30;TRINITA' DEI MONTI SAS;10038611009;149;58091;ROMA;-;58;RM;ROMA;120;LAZIO;01/09/2008;30/09/2010;Ordinaria;1;41.90661;12.4816;1
9623;0;Via G. De Calvi, 12;FOCACCIA SILVANO & C. SNC;4365431008;151;58091;ROMA;-;58;RM;ROMA;120;LAZIO;01/09/2010;-;Ordinaria;1;41.92368;12.57115;1
9624;0;Via E. Rolli, 19;FACCIOLA' FABIO;9615190585;153;58091;ROMA;-;58;RM;ROMA;120;LAZIO;01/01/2005;28/02/2013;Ordinaria;1;41.92368;12.57115;1
9625;0;Circ.ne Gianicolense, 186/a;DELOGU FRANCESCA;9509210580;152;58091;ROMA;-;58;RM;ROMA;120;LAZIO;01/01/2005;31/12/2007;Ordinaria;1;41.92368;12.57115;1
9626;0;Via Federico Torre, 27/31;POLVERINI GIULIANA & A.PAOLA SNC;4571751009;152;58091;ROMA;-;58;RM;ROMA;120;LAZIO;01/01/2005;-;Ordinaria;1;41.88102;12.46201;1
9627;0;Via Donna Olimpia, 23;LORPHARMA SAS DI SAVERIO MOZZETTI & C.;4571831009;152;58091;ROMA;-;58;RM;ROMA;120;LAZIO;01/04/2015;-;Ordinaria;1;41.87782;12.45282;1
9628;0;Piazzale Filippo il Macedone, 23/24;D'ALBERTI ANGELO SNC;8549620584;124;58091;ROMA;CASAL PALOCCO;58;RM;ROMA;120;LAZIO;01/01/2005;30/04/2011;Ordinaria;1;41.92368;12.57115;1
9629;0;Viale Vasco De Gama, 137;ZINCONE DI M. ANTONIA ZINCONE E VITTORIA BENNI SNC;-;121;58091;ROMA;OSTIA LIDO;58;RM;ROMA;120;LAZIO;01/01/2005;31/12/2007;Ordinaria;1;41.73427;12.27579;1
9630;0;Via Aristide Carabelli, 52-54-56;MATTEAZZI GIANCARLO;9765040580;121;58091;ROMA;OSTIA LIDO;58;RM;ROMA;120;LAZIO;01/01/2005;30/06/2007;Ordinaria;1;41.74024;12.26796;1
9631;0;Via Mare Glaciale Artico, 4;MAR ROSSO DI SANSONI CARMELO SAS;9718050587;122;58091;ROMA;OSTIA LIDO;58;RM;ROMA;120;LAZIO;01/03/2013;-;Ordinaria;1;41.73309;12.30195;1
9632;0;Via F. Bolognesi, 27;DI FLUMERI MARIA ROSARIA;9539800582;152;58091;ROMA;-;58;RM;ROMA;120;LAZIO;01/01/2005;31/12/2007;Ordinaria;1;41.92368;12.57115;1
9633;0;Via dell'Imbrecciato, 124;GUARINO F. & C. SNC;4817521000;149;58091;ROMA;-;58;RM;ROMA;120;LAZIO;01/10/2010;-;Ordinaria;1;41.92368;12.57115;1
9634;0;Viale Trastevere, 303/307;RIZZO MARULLO SAS;10541181003;153;58091;ROMA;-;58;RM;ROMA;120;LAZIO;01/11/2011;-;Ordinaria;1;41.92368;12.57115;1
9635;0;Piazza Pietro Merolli, 18;D'AMICO MARIA GIULIA;8681830587;151;58091;ROMA;-;58;RM;ROMA;120;LAZIO;01/01/2005;31/12/2007;Ordinaria;1;41.86187;12.44253;1
9636;0;Via Fonteiana, 79/79a;MURINO DI MURINO RAFFAELE & C. SNC;10007340580;152;58091;ROMA;-;58;RM;ROMA;120;LAZIO;01/01/2005;31/08/2010;Ordinaria;1;41.88351;12.45583;1
9637;0;Largo Gaetano La Loggia, 35;SAMPERI LAURA;10118730588;149;58091;ROMA;-;58;RM;ROMA;120;LAZIO;01/01/2005;-;Ordinaria;1;41.85577;12.44616;1
9638;0;Via Stella Polare, 59/61/63;STELLA POLARE DEL DR. RUELLO MATTEO;5106461006;122;58091;ROMA;OSTIA LIDO;58;RM;ROMA;120;LAZIO;01/03/2013;-;Ordinaria;1;41.9767;12.61621;1
9639;0;Via G. Ghislieri, 21/23;CORDESCHI DEI DOTT.RI FERNANDO E PAOLA SNC;10196981004;152;58091;ROMA;-;58;RM;ROMA;120;LAZIO;01/05/2009;-;Ordinaria;1;41.92368;12.57115;1
9640;0;Via Oderisi da Gubbio, 241;MAGLIANA ANTICA;10195370589;146;58091;ROMA;-;58;RM;ROMA;120;LAZIO;01/03/2013;-;Ordinaria;1;41.86643;12.46576;1
9641;0;Viale Guglielmo Marconi, 312-314;COTTI LAURA;10182690585;146;58091;ROMA;-;58;RM;ROMA;120;LAZIO;01/04/2007;-;Ordinaria;1;41.86932;12.46774;1
9642;0;Via G. Marconi, 174 - 174/A;MARCHESE MARIO GIUSTINO;8767930582;146;58091;ROMA;-;58;RM;ROMA;120;LAZIO;01/01/2005;-;Ordinaria;1;41.92368;12.57115;1
9643;0;Viale Isacco Newton, 92/B;CARDILLO ADELAIDE;5407441004;151;58091;ROMA;-;58;RM;ROMA;120;LAZIO;01/01/2008;-;Ordinaria;1;41.85461;12.44037;1
9644;0;Via Aurelia Km. 1297/1299;BUCCELLA DR. FILIPPO & C. SAS;5102341004;166;58091;ROMA;-;58;RM;ROMA;120;LAZIO;01/10/2010;-;Ordinaria;1;41.92368;12.57115;1
9645;0;Via dei Malatesta, 5 a/b;D'ALESSANDRO SILVIA;8595080584;164;58091;ROMA;-;58;RM;ROMA;120;LAZIO;01/01/2005;30/09/2010;Ordinaria;1;41.88131;12.425;1
9646;0;Via dei Romagnoli, 753;BENNI BERTRANDO E LUIGI SNC;5380541002;119;58091;ROMA;OSTIA ANTICA;58;RM;ROMA;120;LAZIO;01/01/2005;-;Ordinaria;1;41.7521;12.29534;1
9647;0;Viale Marconi, 107;EREDI INGLESE ROSA;10234680584;146;58091;ROMA;-;58;RM;ROMA;120;LAZIO;01/01/2005;31/03/2007;Ordinaria;1;42.63472;11.67024;1
9648;0;Viale Trieste, 18;EREDI RICCARDI DR. ZINO;5584771009;19;58104;TIVOLI;-;58;RM;ROMA;120;LAZIO;01/01/2005;30/06/2008;Ordinaria;1;41.95975;12.80025;1
9649;0;Via della Magliana, 134/b;ARRIGHI ERMIDA;8698751008;146;58091;ROMA;-;58;RM;ROMA;120;LAZIO;01/06/2006;-;Ordinaria;1;41.83312;12.44594;1
9650;0;Via Federico Ozanam, 57/a;LICARI FRANCESCA;1057861005;152;58091;ROMA;-;58;RM;ROMA;120;LAZIO;01/01/2005;31/08/2010;Ordinaria;1;41.87757;12.45245;1
9651;0;Piazza della Rovere, 2/C;EREDI DI VINCENTI MARCELLO TOMMASO;7289721008;122;58091;ROMA;OSTIA LIDO;58;RM;ROMA;120;LAZIO;01/01/2005;-;Ordinaria;1;41.89947;12.46255;1
9652;0;Largo S.Vincenzo de Paoli, 5;PADRE PIO SAS DELLA DR.SSA MARIA LUISA GRANA & C.;5888241006;152;58091;ROMA;-;58;RM;ROMA;120;LAZIO;01/03/2013;-;Ordinaria;1;41.87113;12.457;1
9653;0;Viale dei Colli Portuensi, 475;BATTISTINI;6116831006;151;58091;ROMA;-;58;RM;ROMA;120;LAZIO;01/01/2005;-;Ordinaria;1;41.86532;12.4436;1
9654;0;Via G. Cardano, 58;ABBATE SNC;5999741001;146;58091;ROMA;-;58;RM;ROMA;120;LAZIO;01/01/2005;-;Ordinaria;1;41.86333;12.46769;1
9655;0;Via Aurelia km. 24.300;COMUNALE N.1 ARANOVA - FIUMICINO;6041561009;54;58120;FIUMICINO;-;58;RM;ROMA;120;LAZIO;01/01/2005;-;Ordinaria;1;41.88756;12.22867;1
9656;0;Via Pietro Rosa, 42;CAVALIERI SNC;-;122;58091;ROMA;OSTIA LIDO;58;RM;ROMA;120;LAZIO;01/09/2007;28/02/2013;Ordinaria;1;41.7297;12.28461;1
9657;0;Viale delle Meduse, 77;FARMACRIMI FIUMICINO DEL DR. VINCENZO CRIMI & C. SAS;8324291007;54;58120;FIUMICINO;-;58;RM;ROMA;120;LAZIO;01/08/2007;-;Ordinaria;1;41.76426;12.2248;1
9658;0;Via delle Baleniere, 139;GRAZIOSI ALESSANDRA;6427251001;121;58091;ROMA;OSTIA LIDO;58;RM;ROMA;120;LAZIO;01/01/2005;28/02/2013;Ordinaria;1;41.74203;12.28169;1
9659;0;Via della Scafa, 143;COMUNALE ISOLA SACRA;6041561009;54;58120;FIUMICINO;-;58;RM;ROMA;120;LAZIO;01/01/2005;-;Ordinaria;1;41.7645;12.26482;1
9660;0;Viale di Vigna Pia, 42/44/46;CAPEZZERA GERARDO;6923101007;149;58091;ROMA;-;58;RM;ROMA;120;LAZIO;01/10/2010;-;Ordinaria;1;41.86339;12.4592;1
9661;0;Via Colli Portuensi, 173/175;GIORDANO STEFANO;7075721006;151;58091;ROMA;-;58;RM;ROMA;120;LAZIO;01/01/2005;-;Ordinaria;1;41.92368;12.57115;1
9662;0;P.zza Salvo DAcquisto, 15;MUSTI DE GENNARO CLAUDIA;1347080531;50;58120;FIUMICINO;PASSOSCURO;58;RM;ROMA;120;LAZIO;01/03/2013;-;Ordinaria;1;41.88756;12.22867;1
9663;0;Viale Colli Portuensi, 30/32;DI NARDO STEFANO;6818291004;151;58091;ROMA;-;58;RM;ROMA;120;LAZIO;01/01/2005;-;Ordinaria;1;41.87626;12.44301;1
9664;0;Via di Macchia Saponara, 64/T;SAN GIORGIO SNC;7029701005;125;58091;ROMA;ACILIA;58;RM;ROMA;120;LAZIO;01/01/2005;-;Ordinaria;1;41.92368;12.57115;1
9665;0;Piazza dei Quiriti, 1/2;DEI QURITI DR.SSA INFANTE LEILA;316730589;192;58091;ROMA;-;58;RM;ROMA;120;LAZIO;01/03/2013;-;Ordinaria;1;41.90935;12.4645;1
9666;0;Via Baccanello, 361;CIARCIA' VINCENZO;1025670587;123;58091;ROMA;CESANO DI ROMA;58;RM;ROMA;120;LAZIO;01/03/2013;-;Ordinaria;1;41.92368;12.57115;1
9667;0;Via Crescenzio, 57;NANNI ALDO;869410589;193;58091;ROMA;-;58;RM;ROMA;120;LAZIO;01/01/2005;30/09/2014;Ordinaria;1;41.90578;12.46279;1
9668;0;Via Trionfale, 8764;S. ONOFRIO DR. FRANCESCO LAVERGATA;11211051005;135;58091;ROMA;-;58;RM;ROMA;120;LAZIO;01/03/2011;-;Ordinaria;1;41.98493;12.40688;1
9669;0;Via Ennio Bonifazi, 12;CICHI LUCIANO;439120585;167;58091;ROMA;-;58;RM;ROMA;120;LAZIO;01/10/2010;30/09/2014;Ordinaria;1;41.9051;12.41687;1
9670;0;Via della Giuliana, 24;RAGONI FRANCESCO;269020582;195;58091;ROMA;-;58;RM;ROMA;120;LAZIO;01/01/2005;-;Ordinaria;1;41.9131;12.45426;1
9671;0;Via F. Borromeo, 13/15;CRESCIMANNO CLOTILDE;483400586;168;58091;ROMA;-;58;RM;ROMA;120;LAZIO;01/10/2010;-;Ordinaria;1;41.92368;12.57115;1
9672;0;Via Aurelia, 560;MERUCCI ANGELINA;1536800582;165;58091;ROMA;-;58;RM;ROMA;120;LAZIO;01/01/2005;-;Ordinaria;1;41.97259;12.07801;1
9673;0;Largo Vigna Stelluti, 34/35/36;COEN TULLIA;5383951000;191;58091;ROMA;-;58;RM;ROMA;120;LAZIO;01/01/2005;30/09/2007;Ordinaria;1;41.9478;12.46506;1
9674;0;Viale Giulio Cesare, 209/211;GIULIO CESARE;7948261008;192;58091;ROMA;-;58;RM;ROMA;120;LAZIO;01/01/2005;-;Ordinaria;1;41.91117;12.46496;1
9675;0;Via Trionfale, 11264/11270;COCCI MARIA TERESA EREDI;11074971000;135;58091;ROMA;-;58;RM;ROMA;120;LAZIO;01/12/2010;31/10/2012;Ordinaria;1;41.95999;12.41137;1
9676;0;Via Candia, 28;DE LONGIS  FAUSTO;9136700581;192;58091;ROMA;-;58;RM;ROMA;120;LAZIO;01/01/2005;-;Ordinaria;1;41.90758;12.45077;1
9677;0;Viale Cola di Rienzo, 124;CENTRALE DOTT. GIORGIO DI GIOACCHINO SAS;11702831006;192;58091;ROMA;-;58;RM;ROMA;120;LAZIO;01/09/2012;-;Ordinaria;1;41.92368;12.57115;1
9678;0;Via Don Primo Mazzolari, 220;LIBERTA' DR.SSA ROSANNA SICILIANO;8555331001;132;58091;ROMA;-;58;RM;ROMA;120;LAZIO;01/04/2007;31/08/2010;Ordinaria;1;41.90904;12.47074;1
9679;0;Largo Donaggio, 9/10;CONFORTI FERNANDA;7857080589;168;58091;ROMA;-;58;RM;ROMA;120;LAZIO;01/01/2005;30/09/2010;Ordinaria;1;41.92368;12.57115;1
9680;0;Piazza Capecelatro, 7;SCIORILLI CLELIA;1111570584;168;58091;ROMA;-;58;RM;ROMA;120;LAZIO;01/01/2005;28/02/2011;Ordinaria;1;41.92368;12.57115;1
9681;0;Via S. Bernadette, 55;ROMOLO ROMANO;-;167;58091;ROMA;-;58;RM;ROMA;120;LAZIO;01/01/2005;30/09/2010;Ordinaria;1;41.92368;12.57115;1
9682;0;Via Pietro Maffi, 74 A e B;COLAPINTO SAS DR.SSA COLAPINTO FRANCESCA SOFIA;9204301007;168;58091;ROMA;-;58;RM;ROMA;120;LAZIO;01/07/2007;-;Ordinaria;1;41.92369;12.41822;1
9683;0;Piazzale Clodio, 54;GALLO ADRIANA;170690580;195;58091;ROMA;-;58;RM;ROMA;120;LAZIO;01/01/2005;28/02/2011;Ordinaria;1;41.91688;12.45443;1
9684;0;Via Giuseppe Girolami, 6;SPAGNOLI FRANCESCO;1414120582;168;58091;ROMA;-;58;RM;ROMA;120;LAZIO;01/01/2005;31/08/2010;Ordinaria;1;41.92928;12.41651;1
9685;0;Via Fosso del Poggio, 9/a;GATTI GIANPAOLO;1798910582;189;58091;ROMA;-;58;RM;ROMA;120;LAZIO;01/01/2005;-;Ordinaria;1;41.97578;12.44043;1
9686;0;Via Aurelia, 712/D;RAPISARDA RIZZO OLIMPIA & C. SNC;9182641002;165;58091;ROMA;-;58;RM;ROMA;120;LAZIO;01/10/2007;-;Ordinaria;1;41.92368;12.57115;1
9687;0;Via D. Galimberti, 21/23;Farmacia Eredi Cappelli;10125531003;136;58091;ROMA;-;58;RM;ROMA;120;LAZIO;01/07/2008;-;Ordinaria;1;41.92368;12.57115;1
9688;0;Via Giuseppe Bonaccorsi, 32;DELLE FRATTE ANDREA;7496451001;167;58091;ROMA;-;58;RM;ROMA;120;LAZIO;01/01/2005;31/10/2014;Ordinaria;1;41.9031;12.43834;1
9689;0;Via Gregorio VII, 129;MANNUCCI ANTONIO;2810410585;165;58091;ROMA;-;58;RM;ROMA;120;LAZIO;01/01/2005;30/09/2007;Ordinaria;1;41.89614;12.44191;1
9690;0;Piazzale Gregorio VII, 20/21;GUERRA - DR.SSA VALENTINA BORNEO;2798240582;165;58091;ROMA;-;58;RM;ROMA;120;LAZIO;01/10/2010;-;Ordinaria;1;41.8993;12.45142;1
9691;0;Via P. Maffi, 130;BEDESCHI PATRIZIA;2921560583;168;58091;ROMA;-;58;RM;ROMA;120;LAZIO;01/11/2014;-;Ordinaria;1;41.92368;12.57115;1
9692;0;Via De Viti De Marco, 48/D/E;GRANA DI PIETRO E SABINA GRANA SNC;10062781009;191;58091;ROMA;-;58;RM;ROMA;120;LAZIO;01/11/2009;-;Ordinaria;1;41.97178;12.49198;1
9693;0;Via L. Bodio, 73;DI ROLLO ROBERTO;3537680583;191;58091;ROMA;-;58;RM;ROMA;120;LAZIO;01/09/2010;-;Ordinaria;1;41.94501;12.46426;1
9694;0;Via Mattia Battistini, 67;TORELLI SAS DI TORELLI MARIA GRAZIA;9633841003;167;58091;ROMA;-;58;RM;ROMA;120;LAZIO;01/01/2008;-;Ordinaria;1;41.90477;12.41027;1
9695;0;Largo Giannina Milli, 17-18-18/a;NOCERINO GUIDO;4720400581;135;58091;ROMA;-;58;RM;ROMA;120;LAZIO;01/01/2005;31/05/2015;Ordinaria;1;41.92368;12.57115;1
9696;0;Via Cassia, 840;SORRENTINO UGO;12493391002;189;58091;ROMA;-;58;RM;ROMA;120;LAZIO;01/02/2015;-;Ordinaria;1;42.08192;12.37295;1
9697;0;Via San Pio X, 1/a;SAN PIETRO;-;193;58091;ROMA;-;58;RM;ROMA;120;LAZIO;01/01/2005;30/04/2007;Ordinaria;1;41.90202;12.46319;1
9698;0;Via Borgo Pio, 44/A;LAZZARO RAFFAELLA;3932040581;193;58091;ROMA;-;58;RM;ROMA;120;LAZIO;01/10/2010;28/02/2013;Ordinaria;1;41.92368;12.57115;1
9699;0;Largo Cervinia, 23;IGEA DR.SSA INGRIA MARIA CATENA;4899500583;135;58091;ROMA;-;58;RM;ROMA;120;LAZIO;01/01/2005;31/01/2008;Ordinaria;1;41.93436;12.43993;1
9700;0;Via Cassia, 1346/1348;COCCI AMALIA MARIA VITTORIA;5115770587;123;58091;ROMA;-;58;RM;ROMA;120;LAZIO;01/10/2010;-;Ordinaria;1;42.08192;12.37295;1
9701;0;Via Cassia, 648;MARZOCCA VITO;6347261007;189;58091;ROMA;-;58;RM;ROMA;120;LAZIO;01/01/2005;31/08/2007;Ordinaria;1;42.08192;12.37295;1
9702;0;Via di Selva Candida, 389/A;LA FENICIA 2 DEL DOTT. STEFANO OLIVA & C. SAS;9443201000;166;58091;ROMA;-;58;RM;ROMA;120;LAZIO;01/02/2008;28/02/2013;Ordinaria;1;41.92368;12.57115;1
9703;0;Via Trionfale, 118;RE CLELIA;5868660589;195;58091;ROMA;-;58;RM;ROMA;120;LAZIO;01/01/2005;-;Ordinaria;1;41.92368;12.57115;1
9704;0;Via E. Bondi, 64;MARTINO VITTORIO;6076900585;166;58091;ROMA;-;58;RM;ROMA;120;LAZIO;01/01/2005;-;Ordinaria;1;41.92368;12.57115;1
9705;0;Via S. Godenzo, 68;ANTINORI ELISABETTA;618970586;189;58091;ROMA;-;58;RM;ROMA;120;LAZIO;01/01/2005;28/02/2013;Ordinaria;1;41.96009;12.45335;1
9706;0;Via Emma Carelli, 4;MARCUCCI ANTONIETTA;6482490586;168;58091;ROMA;-;58;RM;ROMA;120;LAZIO;01/01/2005;31/12/2007;Ordinaria;1;41.92402;12.42198;1
9707;0;Via Circonvallazione Cornelia, 289;PASSALACQUA SIMONETTA;6429780585;167;58091;ROMA;-;58;RM;ROMA;120;LAZIO;01/01/2013;-;Ordinaria;1;41.92368;12.57115;1
9708;0;Via F. Cherubini, 34;SILVESTRINI PAOLA;6580860580;135;58091;ROMA;-;58;RM;ROMA;120;LAZIO;01/01/2005;-;Ordinaria;1;41.92368;12.57115;1
9709;0;Via F. Massimo, 74/76/78;FABIO MASSIMO;6902390589;192;58091;ROMA;-;58;RM;ROMA;120;LAZIO;01/10/2010;-;Ordinaria;1;41.92368;12.57115;1
9710;0;Via San Giorgio Morgeto, 169-173;COMUNALE GREGNA S. ANDREA;5903241007;173;58091;ROMA;-;58;RM;ROMA;120;LAZIO;01/09/2007;-;Ordinaria;1;41.83577;12.58681;1
9711;0;Via Ferraironi, 25;COMUNALE CASILINO 23;6222181007;172;58091;ROMA;-;58;RM;ROMA;120;LAZIO;01/01/2005;31/08/2007;Ordinaria;1;41.92368;12.57115;1
9712;0;Via Simone Saint Bon, 91;MARCHETTI LUISA;6749270580;195;58091;ROMA;-;58;RM;ROMA;120;LAZIO;01/01/2005;-;Ordinaria;1;41.91386;12.45604;1
9713;0;Via di Boccea, 184;RICCARDI RICCARDO;7116740585;167;58091;ROMA;-;58;RM;ROMA;120;LAZIO;01/01/2005;-;Ordinaria;1;41.91086;12.39904;1
9714;0;Piazza Risorgimento, 44/45;BRIENZA GIANCARLO;7430720586;192;58091;ROMA;-;58;RM;ROMA;120;LAZIO;01/01/2008;30/06/2015;Ordinaria;1;41.99832;12.09884;1
9715;0;Via di Valle Muricana, 369;ONOFRI DANIELA;7345350586;188;58091;ROMA;-;58;RM;ROMA;120;LAZIO;01/01/2005;-;Ordinaria;1;42.0056;12.48208;1
9716;0;Via R. R. Pereira, 217/a;GERARDINI RENATA;7642400589;136;58091;ROMA;-;58;RM;ROMA;120;LAZIO;01/01/2005;-;Ordinaria;1;41.92368;12.57115;1
9717;0;Via Archeologia, 58;COMUNALE TOR BELLA MONACA;7754091002;133;58091;ROMA;-;58;RM;ROMA;120;LAZIO;01/01/2005;31/08/2007;Ordinaria;1;41.92368;12.57115;1
9718;0;Via P. De Calboli, 12;FETTARAPPA MARINA;8069020587;195;58091;ROMA;-;58;RM;ROMA;120;LAZIO;01/01/2005;-;Ordinaria;1;41.92368;12.57115;1
9719;0;Via M. Battistini, 184a/b;BUSONERO BERNARDINO;3094590589;167;58091;ROMA;-;58;RM;ROMA;120;LAZIO;01/01/2005;30/09/2010;Ordinaria;1;41.92368;12.57115;1
9720;0;Via Trionfale, 8578;BAVARO VITO NICOLA;3245510585;135;58091;ROMA;-;58;RM;ROMA;120;LAZIO;01/01/2008;-;Ordinaria;1;41.98493;12.40688;1
9721;0;Viale Angelico, 86;NICCOLINI GUIDO;8199540587;195;58091;ROMA;-;58;RM;ROMA;120;LAZIO;01/01/2005;-;Ordinaria;1;41.91657;12.45841;1
9722;0;V.le A. Ciamarra, 66/68;COMUNALE QUADRARO - CINECITTA' EST;5903241007;173;58091;ROMA;-;58;RM;ROMA;120;LAZIO;01/03/2013;-;Ordinaria;1;41.92368;12.57115;1
9723;0;Corso Francia, 172-174-176;MARTE SAS DI MARCO E MARIA TERESA GALLOTTA;13066941009;191;58091;ROMA;-;58;RM;ROMA;120;LAZIO;01/03/2015;-;Ordinaria;1;41.93501;12.47184;1
9724;0;Via Cassia, 942;IANNI DEI DR.I EMIRENE E GIANLUCA IANNI SNC;3583501006;189;58091;ROMA;-;58;RM;ROMA;120;LAZIO;01/01/2005;-;Ordinaria;1;42.08192;12.37295;1
9725;0;Via della Cellulosa, 42/42A;TASSIELLI VINCENZO;8714720581;166;58091;ROMA;-;58;RM;ROMA;120;LAZIO;01/01/2005;-;Ordinaria;1;41.92117;12.36546;1
9726;0;Via Gregorio VII, 154/a;LATTANZI INES MARIA;8777490585;165;58091;ROMA;-;58;RM;ROMA;120;LAZIO;01/01/2005;-;Ordinaria;1;41.89614;12.44191;1
9727;0;Via Oslavia, 66;D' ATTILIO ALDO;8549380585;195;58091;ROMA;-;58;RM;ROMA;120;LAZIO;01/01/2005;31/08/2010;Ordinaria;1;41.91785;12.46241;1
9728;0;Via Calisto II, 20;PAOLA TERESA RICCARDI  snc;10221921009;167;58091;ROMA;-;58;RM;ROMA;120;LAZIO;01/10/2010;31/01/2015;Ordinaria;1;41.91079;12.42327;1
9729;0;Via Monti della Valchetta, 74-76-76/A-76/B;RIZZO DONATELLA;8965250585;188;58091;ROMA;-;58;RM;ROMA;120;LAZIO;01/01/2005;30/11/2007;Ordinaria;1;41.92368;12.57115;1
9731;0;Via del Torraccio di Torrenova ,93;COMUNALE TORRACCIO TORRENOVA;5903241007;133;58091;ROMA;-;58;RM;ROMA;120;LAZIO;01/09/2007;-;Ordinaria;1;41.86571;12.62905;1
9732;0;Via Cipro, 42/44;FRATTURA SAS;9141060583;136;58091;ROMA;-;58;RM;ROMA;120;LAZIO;01/01/2005;-;Ordinaria;1;41.90688;12.44635;1
9733;0;Piazzale Medaglie D'Oro, 73;SBRIGOLI ROMANO;9202940582;136;58091;ROMA;-;58;RM;ROMA;120;LAZIO;01/01/2005;-;Ordinaria;1;41.92368;12.57115;1
9734;0;Largo Maccagno, 16/a;POLLICINA FRANCESCO;9232410580;136;58091;ROMA;-;58;RM;ROMA;120;LAZIO;01/01/2005;-;Ordinaria;1;41.91623;12.43904;1
9735;0;Via Cornelia, 65;HALLGASS ALESSANDRO;9254300586;166;58091;ROMA;-;58;RM;ROMA;120;LAZIO;01/01/2005;-;Ordinaria;1;41.89241;12.3844;1
9736;0;Via della Villa di Livia, 44;GATTI LAURA;9271610587;188;58091;ROMA;-;58;RM;ROMA;120;LAZIO;01/01/2005;-;Ordinaria;1;42.00623;12.4923;1
9737;0;Piazza Pio XI, 30;IANNOTTA DELLA DR.SSA IANNOTTA MARIA TERESA SAS;9348380586;165;58091;ROMA;-;58;RM;ROMA;120;LAZIO;01/01/2005;31/08/2010;Ordinaria;1;41.89498;12.43853;1
9738;0;Via di Boccea, 43;DEI GIURECONSULTI SNC;9245800587;165;58091;ROMA;-;58;RM;ROMA;120;LAZIO;01/03/2013;-;Ordinaria;1;41.89977;12.42787;1
9739;0;Via Flaminia Vecchia, 673;RALLO SANDRA E SILVIA SNC;8666660587;191;58091;ROMA;-;58;RM;ROMA;120;LAZIO;01/10/2010;-;Ordinaria;1;41.92368;12.57115;1
9740;0;Piazza Cola di Rienzo, 31;RICCI DR. LAMBERTO EREDI DR.SSA ANGELA MASTRORILLI & C. SNC;4444711008;192;58091;ROMA;-;58;RM;ROMA;120;LAZIO;01/07/2015;-;Ordinaria;1;41.90841;12.46705;1
9741;0;Via della Farnesina, 145/147;SALSANO DI BASSO G. E M.R. SNC;3010010589;194;58091;ROMA;-;58;RM;ROMA;120;LAZIO;01/01/2005;31/08/2010;Ordinaria;1;41.94284;12.45977;1
9742;0;Via F. Nicolai, 105;SERRAINO ALBERTO MARIA;-;136;58091;ROMA;-;58;RM;ROMA;120;LAZIO;01/01/2005;-;Ordinaria;1;41.92368;12.57115;1
9743;0;Via della Balduina, 132;CERULLI GABRIELLA E FIORELLA SNC;4513201006;136;58091;ROMA;-;58;RM;ROMA;120;LAZIO;01/10/2010;-;Ordinaria;1;41.91642;12.44195;1
9744;0;Via degli Scipioni, 59;LENTINI MARIA TERESA;11392681000;192;58091;ROMA;-;58;RM;ROMA;120;LAZIO;01/07/2011;-;Ordinaria;1;41.91113;12.46856;1
9745;0;Via Cogoleto, 100/102;GALENO DI PASQUALE CATALANO SNC;9157191009;168;58091;ROMA;-;58;RM;ROMA;120;LAZIO;01/04/2007;-;Ordinaria;1;41.92762;12.4233;1
9746;0;Via del Millesimo, 25;MAGNANIMI LAURA;9603080582;168;58091;ROMA;-;58;RM;ROMA;120;LAZIO;01/01/2005;-;Ordinaria;1;41.92368;12.57115;1
9747;0;Via L. Settembrini, 29/31;BASCHIERI FRANCESCO;9617440582;195;58091;ROMA;-;58;RM;ROMA;120;LAZIO;01/01/2005;-;Ordinaria;1;42.00278;12.63526;1
9748;0;Via Leone IV, 34;LEONE IV DOTT. LOLLI LUCA;9509841004;192;58091;ROMA;-;58;RM;ROMA;120;LAZIO;01/07/2007;31/07/2012;Ordinaria;1;41.90603;12.48004;1
9749;0;Via del Forte Braschi, 20;LENTINI DI P. E M. LENTINI SNC;4567221009;167;58091;ROMA;-;58;RM;ROMA;120;LAZIO;01/01/2005;-;Ordinaria;1;41.91283;12.41876;1
9750;0;Via Jacopo Magnolino, 1;FARMACIE SAN RAFFAELE SAS;11429991000;133;58091;ROMA;-;58;RM;ROMA;120;LAZIO;01/05/2012;28/02/2015;Ordinaria;1;41.92368;12.57115;1
9751;0;Via Casalotti, 1/c 1/d;FARMACIA SNC FANELLI SERENELLA;4765031002;166;58091;ROMA;-;58;RM;ROMA;120;LAZIO;01/01/2005;-;Ordinaria;1;41.92368;12.57115;1
9752;0;Piazzale Ponte Milvio, 15;SPADAZZI ANDREA & C. SNC;4849871001;191;58091;ROMA;-;58;RM;ROMA;120;LAZIO;01/01/2005;-;Ordinaria;1;41.92368;12.57115;1
9753;0;Largo A. Gemelli, 11;GEMELLI DRSSA RICCIARDI ADRIAN;10234680584;168;58091;ROMA;-;58;RM;ROMA;120;LAZIO;01/09/2010;-;Ordinaria;1;41.92368;12.57115;1
9754;0;Via Baldo degli Ubaldi, 196/B;ANNIBALDI AMERICO;9858860589;167;58091;ROMA;-;58;RM;ROMA;120;LAZIO;01/01/2005;-;Ordinaria;1;41.92368;12.57115;1
9755;0;Via Baldo degli Ubaldi, 97;COLE AURELIO PAGANO MARIANO IGNAZIO;9868540585;167;58091;ROMA;-;58;RM;ROMA;120;LAZIO;01/03/2013;30/06/2015;Ordinaria;1;41.89853;12.42977;1
9756;0;Via Tibullo, 4;ALICICCO DEI DR.I M. ALICICCO E M. PANATTONI SNC;7558731001;193;58091;ROMA;-;58;RM;ROMA;120;LAZIO;01/01/2005;-;Ordinaria;1;41.72886;12.66682;1
9757;0;Via Isola Farnese, 4;IURLO MARIO & C. SNC;4560911002;123;58091;ROMA;LA STORTA ISOLA FARNESE;58;RM;ROMA;120;LAZIO;01/01/2008;-;Ordinaria;1;42.01686;12.38354;1
9758;0;Via Torrevecchia, 851-Ang. Tommaso Bernetti, 1;CONTARINA VITTORIO;8514141004;168;58091;ROMA;-;58;RM;ROMA;120;LAZIO;01/01/2005;-;Ordinaria;1;41.90151;12.46077;1
9759;0;Via Mazzini, 19 ang. Via Brofferio, 53;MAZZINI SNC DEL DOTT. SERRAINO SERGIO;-;195;58091;ROMA;-;58;RM;ROMA;120;LAZIO;01/01/2005;-;Ordinaria;1;41.92368;12.57115;1
9760;0;Via F. Cesi, 9/11;COSCONATI FULVIO;8004211002;193;58091;ROMA;-;58;RM;ROMA;120;LAZIO;01/01/2005;30/06/2007;Ordinaria;1;41.90663;12.47074;1
9761;0;Via Anguillarese, 109/113;RIGANO ANDREA;10202850581;123;58091;ROMA;OSTERIA NUOVA;58;RM;ROMA;120;LAZIO;01/01/2005;-;Ordinaria;1;42.04583;12.3001;1
9762;0;Via Gregorio XI, 134;GREGORIO XI DOTT. GAETANO CORDIO;13209521007;166;58091;ROMA;-;58;RM;ROMA;120;LAZIO;01/04/2015;-;Ordinaria;1;41.8931;12.41036;1
9763;0;Via Cola di Rienzo, 215;COLA DI RIENZO DELLA DR.SSA  GLORIA FARGION SAS;11496351005;192;58091;ROMA;-;58;RM;ROMA;120;LAZIO;01/03/2012;-;Ordinaria;1;41.9069;12.46085;1
9764;0;Via Bevagna, 37 - P.zza M. da Spoleto 34;FARMACIA FLEMING Dr.ssa Malara Maria Grazia;9860340588;191;58091;ROMA;-;58;RM;ROMA;120;LAZIO;01/01/2005;-;Ordinaria;1;41.92368;12.57115;1
9765;0;-;LETIZIA DI PERSICHELLA MAURO & C.SAS;1057861005;192;58091;ROMA;-;58;RM;ROMA;120;LAZIO;01/01/2005;31/05/2006;Ordinaria;1;41.90851;12.46102;1
9766;0;Via della Stazione di Ottavia, 96;ANGELETTI RUGGERO;10223740589;135;58091;ROMA;-;58;RM;ROMA;120;LAZIO;01/10/2010;-;Ordinaria;1;41.96468;12.4032;1
9767;0;Via Pineta Sacchetti, 412-412a;PINETA SACCHETTI DI E. MURINO & FIGLIO SNC;9254471007;168;58091;ROMA;-;58;RM;ROMA;120;LAZIO;01/12/2007;31/03/2015;Ordinaria;1;41.92557;12.42594;1
9768;0;Viale Medaglie D'Oro, 417;GAONI DI PAOLO E ROBERTA GAONI SNC;4676731005;136;58091;ROMA;-;58;RM;ROMA;120;LAZIO;01/01/2005;-;Ordinaria;1;41.92298;12.44566;1
9769;0;Viale Antonio Ciamarra, 235;SABATINI DOMENICO;-;173;58091;ROMA;-;58;RM;ROMA;120;LAZIO;01/01/2005;-;Ordinaria;1;41.84943;12.59085;1
9770;0;Via delle Galline Bianche, snc;MOSCA MASSIMO;10271290586;188;58091;ROMA;-;58;RM;ROMA;120;LAZIO;01/01/2005;-;Ordinaria;1;41.90151;12.46077;1
9771;0;Piazza C. Mazzaresi, 40;RALLO GASPARE;10377640585;136;58091;ROMA;-;58;RM;ROMA;120;LAZIO;01/01/2005;28/02/2013;Ordinaria;1;41.9204;12.44209;1
9772;0;P.za Monte Gaudio, 25;EREDI CECI LORENZO;4585611009;135;58091;ROMA;-;58;RM;ROMA;120;LAZIO;01/01/2005;30/09/2010;Ordinaria;1;41.93609;12.4367;1
9773;0;Via M. Dionigi, 31;MAGNANIMI GIUSEPPE E ALESSANDRO SNC;5496971002;193;58091;ROMA;-;58;RM;ROMA;120;LAZIO;01/01/2005;28/02/2013;Ordinaria;1;41.90591;12.47191;1
9774;0;Via Trionfale, 8291;BONURA DI MORBEGNO CARMELA E C. SAS;9952411008;135;58091;ROMA;-;58;RM;ROMA;120;LAZIO;01/05/2012;-;Ordinaria;1;41.98493;12.40688;1
9775;0;Via A. Doria, 31;MANNUCCI LEOPOLDO;10531940582;192;58091;ROMA;-;58;RM;ROMA;120;LAZIO;01/01/2005;28/02/2013;Ordinaria;1;41.92368;12.57115;1
9776;0;Via Andronico, 8;VACCARELLA SALVATORE SAS;12301201005;136;58091;ROMA;-;58;RM;ROMA;120;LAZIO;01/01/2005;-;Ordinaria;1;41.92368;12.57115;1
9777;0;Circonvallazione Trionfale, 57/A;BISOZZI SAS DI ALINA BISOZZI & C.;5612401009;195;58091;ROMA;-;58;RM;ROMA;120;LAZIO;01/01/2005;-;Ordinaria;1;41.91174;12.44977;1
9778;0;Via Flaminia, 719/A;PUGNALONI PAOLA MARIA;10650990582;191;58091;ROMA;-;58;RM;ROMA;120;LAZIO;01/09/2010;-;Ordinaria;1;41.92368;12.57115;1
9779;0;Via di Torrevecchia, 308;CONTARINA GIOVANNI LUCA;10738780583;168;58091;ROMA;-;58;RM;ROMA;120;LAZIO;01/01/2005;-;Ordinaria;1;41.92491;12.4139;1
9780;0;Via Angelo Emo, 18;LA.LI.FAR. SNC - LAURA E LILIA LAUCIANI;5742591000;136;58091;ROMA;-;58;RM;ROMA;120;LAZIO;01/01/2005;-;Ordinaria;1;41.90531;12.44771;1
9781;0;Via Monti di Primavalle, 187;CLEMENTE XI SAS DELLA DR.SSA VALERIA BUI & C.;10448121003;167;58091;ROMA;-;58;RM;ROMA;120;LAZIO;01/04/2010;-;Ordinaria;1;41.92368;12.57115;1
9782;0;Via Monti Di Creta, 82;IMMACOLATA;5885511005;167;58091;ROMA;-;58;RM;ROMA;120;LAZIO;01/01/2005;-;Ordinaria;1;41.90157;12.42944;1
9783;0;Via delle Azzorre, 302-304;PASANISI GIANLUCA;6659531005;121;58091;ROMA;LIDO DI OSTIA;58;RM;ROMA;120;LAZIO;01/01/2005;30/04/2007;Ordinaria;1;41.74124;12.28256;1
9784;0;LARGO PORTA CAVALLEGGERI 3;LEONE ALESSANDRO;6649171003;165;58091;ROMA;-;58;RM;ROMA;120;LAZIO;01/01/2005;31/12/2007;Ordinaria;1;41.90019;12.45651;1
9785;0;Via Gregorio VII, 63;RODINO' EDOARDO;6911591003;165;58091;ROMA;-;58;RM;ROMA;120;LAZIO;01/10/2010;-;Ordinaria;1;41.89614;12.44191;1
9786;0;Piazza Irnerio, 40-41;ILLUMINATI E DE LILLO SNC;6540801005;165;58091;ROMA;-;58;RM;ROMA;120;LAZIO;01/01/2005;-;Ordinaria;1;41.89831;12.42989;1
9787;0;Viale Angelico, 79;MAZZEI STEFANO;7104801001;195;58091;ROMA;-;58;RM;ROMA;120;LAZIO;01/01/2005;-;Ordinaria;1;41.91657;12.45841;1
9788;0;Via Cicerone, 30;PAVESE DELLA DR.SSA RITA LO PINTO E C. SNC;10191471001;193;58091;ROMA;-;58;RM;ROMA;120;LAZIO;01/03/2011;-;Ordinaria;1;41.9085;12.46783;1
9789;0;Piazza Risorgimento, 21;COMUNALE N.1 CERVETERI;1054881006;52;58029;CERVETERI;-;58;RM;ROMA;120;LAZIO;01/01/2005;31/12/2007;Ordinaria;1;41.99832;12.09884;1
9790;0;Piazzale Cairoli, 1;COMUNALE FIANO ROMANO;997991005;65;58036;FIANO ROMANO;-;58;RM;ROMA;120;LAZIO;01/03/2013;-;Ordinaria;1;42.15952;12.59418;1
9791;0;Via Roma, 69;COMUNALE TOLFA;2144561004;59;58105;TOLFA;-;58;RM;ROMA;120;LAZIO;01/01/2005;-;Ordinaria;1;42.12345;11.97181;1
9792;0;Piazza F. Turati;COMUNALE ALLUMIERE;954281002;51;58004;ALLUMIERE;-;58;RM;ROMA;120;LAZIO;01/01/2005;-;Ordinaria;1;42.143;11.89619;1
9793;0;Via Ancona, 76;DE MICHELIS CARLO;220781009;55;58116;LADISPOLI;-;58;RM;ROMA;120;LAZIO;01/01/2005;28/02/2013;Ordinaria;1;41.94874;12.07866;1
9794;0;Via Provinciale Roma, 55;FARMACIA D.SSA TOZZI ANNA MARIA;817531007;60;58018;CAPENA;-;58;RM;ROMA;120;LAZIO;01/01/2005;-;Ordinaria;1;42.14137;12.54362;1
9795;0;Piazza Giuseppe Mazzini, 5;MARINI PAOLA;484881008;60;58016;CANALE MONTERANO;-;58;RM;ROMA;120;LAZIO;01/10/2010;-;Ordinaria;1;42.13598;12.07688;1
9796;0;Via Romana, 37-38-41/a-41/b;DE CECCO LUCIANO;449990589;61;58005;ANGUILLARA SABAZIA;-;58;RM;ROMA;120;LAZIO;01/01/2005;30/09/2010;Ordinaria;1;42.07861;12.265;1
9797;0;Via Aurelia, 505;VERGATI SNC DI PAOLA E MARIA CRISTINA VERGATI;8763211003;58;58097;SANTA MARINELLA;-;58;RM;ROMA;120;LAZIO;01/06/2006;-;Ordinaria;1;42.01976;11.96471;1
9798;0;Via S. Pellegrino, 4/a;LAURENZI PIERSETTIMIO;7558031006;67;58068;MORLUPO;-;58;RM;ROMA;120;LAZIO;01/10/2010;-;Ordinaria;1;42.14274;12.50521;1
9799;0;-;FABBRI CARLO VITTORIO;711890582;60;58038;FORMELLO;-;58;RM;ROMA;120;LAZIO;01/01/2005;31/05/2006;Ordinaria;1;42.06857;12.41027;1
9800;0;Corso Vittorio Emanuele, 133;RICCI LUCIANO;655361004;66;58054;MANZIANA;-;58;RM;ROMA;120;LAZIO;01/01/2005;-;Ordinaria;1;42.1302;12.1311;1
9801;0;Viale G. Baccelli, 22/24;SOFI MARIA EMILIA;726141005;53;58032;CIVITAVECCHIA;-;58;RM;ROMA;120;LAZIO;01/01/2008;-;Ordinaria;1;42.0925;11.79568;1
9802;0;Via G. Baccelli, 160;TURCHI PAOLO;7681281007;53;58032;CIVITAVECCHIA;-;58;RM;ROMA;120;LAZIO;01/01/2005;-;Ordinaria;1;42.11723;11.81129;1
9803;0;Via IV Novembre, 34;AMIRKHANIAN  MARIO;12026081005;69;58107;TREVIGNANO ROMANO;-;58;RM;ROMA;120;LAZIO;01/10/2012;-;Ordinaria;1;42.15191;12.25461;1
9804;0;Via Fausti, 5;NEGRI ENZO;532501004;62;58013;BRACCIANO;-;58;RM;ROMA;120;LAZIO;01/01/2005;31/03/2007;Ordinaria;1;42.0927;12.16411;1
9805;0;Via della Costellazione , 21;NAPPO CARLA;1837950581;60;58081;RIANO;LA ROSTA;58;RM;ROMA;120;LAZIO;01/01/2005;-;Ordinaria;1;42.09046;12.5241;1
9806;0;Via Romana, 146;ZUCCARO LABELLARTE PAOLO;846891000;60;58058;MAZZANO ROMANO;-;58;RM;ROMA;120;LAZIO;01/01/2005;-;Ordinaria;1;42.20892;12.39727;1
9807;0;Via Oriolo Romano, 1/B;ASM CAERITE SPA - COMUNALE N.2 CAMPO DI MARE;-;52;58029;CERVETERI;CERENOVA;58;RM;ROMA;120;LAZIO;01/03/2013;-;Ordinaria;1;42.00956;12.09569;1
9808;0;Piazza Calamatta, 19;CALAMATTA IPPOCRATE SRL;10648161007;53;58032;CIVITAVECCHIA;CALAMATTA;58;RM;ROMA;120;LAZIO;01/09/2010;28/02/2013;Ordinaria;1;42.11723;11.81129;1
9809;0;Via A. De Gasperi, 18/A;DI STEFANO MARIO;3152550582;53;58032;CIVITAVECCHIA;-;58;RM;ROMA;120;LAZIO;01/01/2005;30/04/2008;Ordinaria;1;42.11723;11.81129;1
9810;0;Viale del Vignola, 4;BUONFANTINO FLORA;3704030588;60;58099;SANT'ORESTE;-;58;RM;ROMA;120;LAZIO;01/11/2014;31/01/2015;Ordinaria;1;42.23912;12.5233;1
9811;0;Viale Matteotti, 196;IPPOCRATE SRL  - MATTEOTTI;1104351000;53;58032;CIVITAVECCHIA;-;58;RM;ROMA;120;LAZIO;01/03/2013;-;Ordinaria;1;42.09177;11.7952;1
9812;0;Via Tiberina, Km. 16.800;COMUNALE DI BIVIO CAPENA;1096141005;60;58018;CAPENA;-;58;RM;ROMA;120;LAZIO;01/01/2008;-;Ordinaria;1;42.12896;12.57228;1
9813;0;VIA DEGLI ORTI 12;COMUNALE CISTERNA;1104351000;53;58032;CIVITAVECCHIA;-;58;RM;ROMA;120;LAZIO;01/01/2005;28/02/2013;Ordinaria;1;42.11723;11.81129;1
9814;0;Via XXV Aprile, 21;TERME DI TRAIANO DEL DR. ODOARDO TOTI SNC;7950431002;53;58032;CIVITAVECCHIA;-;58;RM;ROMA;120;LAZIO;01/01/2005;-;Ordinaria;1;42.11723;11.81129;1
9815;0;Largo Cavour, 4;ROSSI ANGELA MARIA;695501007;53;58032;CIVITAVECCHIA;-;58;RM;ROMA;120;LAZIO;01/01/2005;-;Ordinaria;1;42.11723;11.81129;1
9816;0;Via Aquila, snc;SIGNORELLI GELTRUDE;727731002;60;58080;PONZANO ROMANO;-;58;RM;ROMA;120;LAZIO;01/01/2005;31/03/2007;Ordinaria;1;42.25527;12.55849;1
9817;0;Corso Centocelle, 52;SPURIO GIUSEPPE;758751002;53;58032;CIVITAVECCHIA;-;58;RM;ROMA;120;LAZIO;01/01/2005;-;Ordinaria;1;42.09157;11.79377;1
9818;0;Via Flaminia km. 39,100;CONTI VALERIO;124211004;68;58082;RIGNANO FLAMINIO;-;58;RM;ROMA;120;LAZIO;01/01/2005;-;Ordinaria;1;42.21001;12.48112;1
9819;0;Via Aurelia, 304;CENTRALE;772050654;58;58097;SANTA MARINELLA;-;58;RM;ROMA;120;LAZIO;01/01/2005;30/06/2007;Ordinaria;1;42.01976;11.96471;1
9820;0;Via Polo Laziale, 12/16;TARQUINI SNC DELLA DR.SSA ESTERINA TARQUINI;10184581006;55;58116;LADISPOLI;MARINA DI SAN NICOLA;58;RM;ROMA;120;LAZIO;01/06/2009;30/09/2010;Ordinaria;1;41.9499;12.0761;1
9821;0;Via Vivaldi snc;CAVALLINI MARIA TERESA;8000651003;52;58029;CERVETERI;POGGIO VAL CANNETO;58;RM;ROMA;120;LAZIO;01/01/2005;30/09/2010;Ordinaria;1;42.00956;12.09569;1
9822;0;Via Buonarroti, 42;CERNUSCO GIULIANA;4127941005;53;58032;CIVITAVECCHIA;-;58;RM;ROMA;120;LAZIO;01/01/2005;-;Ordinaria;1;42.0917482;11.7950557;1
9823;0;Via dei Sampieri, 6 - Complesso IACP;COMUNALE POGGIO VERDE - CORVIALE;7685321007;148;58091;ROMA;-;58;RM;ROMA;120;LAZIO;01/01/2005;31/08/2007;Ordinaria;1;41.92368;12.57115;1
9824;0;Via Settevene Palo, 88/90;COMUNALE N.4 CERVETERI;-;52;58029;CERVETERI;-;58;RM;ROMA;120;LAZIO;01/01/2005;-;Ordinaria;1;41.97753;12.09012;1
9825;0;Via Giunone Lucina, 1;SCOTTI MANDUZIO SNC-C.SCOTTI & C;4617131000;50;58097;SANTA MARINELLA;SANTA SEVERA;58;RM;ROMA;120;LAZIO;01/01/2005;-;Ordinaria;1;42.02744;11.93998;1
9826;0;Via San Giovanni, 5;SALMICCI GIUSEPPE;1509730568;60;58024;CASTELNUOVO DI PORTO;-;58;RM;ROMA;120;LAZIO;01/01/2005;30/04/2011;Ordinaria;1;42.1098;12.5181;1
9827;0;L.go Giovanni XIII, 5;AMALFITANO ANTONIO;5128951000;53;58032;CIVITAVECCHIA;-;58;RM;ROMA;120;LAZIO;01/01/2005;31/01/2013;Ordinaria;1;42.11723;11.81129;1
9828;0;Viale Odescalchi, 10;EREDI MORELLI ANGELO;5291221009;62;58013;BRACCIANO;-;58;RM;ROMA;120;LAZIO;01/01/2005;28/02/2013;Ordinaria;1;42.10314;12.17386;1
9829;0;Piazza Risorgimento, 10;ORLANDO GAETANO;5392731005;60;58052;MAGLIANO ROMANO;-;58;RM;ROMA;120;LAZIO;01/10/2010;28/02/2013;Ordinaria;1;42.16082;12.43656;1
9831;0;Via Anguillarese, 123;FIRRIOLO SAS DEL DR.  ANTONINO FIRRIOLO & C.;11176021001;61;58005;ANGUILLARA SABAZIA;-;58;RM;ROMA;120;LAZIO;01/03/2011;-;Ordinaria;1;42.04787;12.29691;1
9832;0;Via delle Palme, 5/E;DELLE PALME DI CASCIANINI COSETTA;12407561005;62;58013;BRACCIANO;-;58;RM;ROMA;120;LAZIO;01/01/2005;-;Ordinaria;1;42.1018;12.17614;1
9833;0;Via degli Ammiragli, 52;FARMACIA 2000 SCIARRETTA DEL DR. ROCCO CRIMI E C. SAS;9664901007;136;58091;ROMA;-;58;RM;ROMA;120;LAZIO;01/01/2008;28/02/2013;Ordinaria;1;41.90488;12.44556;1
9834;0;Via dello Stadio, 93;KUTSCHERA FABRIZIO;6300081004;60;58093;SACROFANO;-;58;RM;ROMA;120;LAZIO;01/01/2005;-;Ordinaria;1;42.1054;12.4481;1
9835;0;Via Labat, 5;IL FARO SAS DEI DR. GRAZIELLA CORSI E ANDREA BALDINI;12918641007;53;58032;CIVITAVECCHIA;-;58;RM;ROMA;120;LAZIO;01/01/2005;-;Ordinaria;1;42.11723;11.81129;1
9836;0;Via Provinciale, 18;MITIDIERI ATTILIO;6291071006;60;58069;NAZZANO;NAZZANO ROMANO;58;RM;ROMA;120;LAZIO;01/01/2008;31/08/2010;Ordinaria;1;42.19462;12.55701;1
9837;0;Via Madonna del Riposo, 125;VILLA CARPEGNA DELLA DR.SSA RITA LA TORRE & C. SNC;6293271000;165;58091;ROMA;-;58;RM;ROMA;120;LAZIO;01/10/2010;28/02/2013;Ordinaria;1;41.92368;12.57115;1
9838;0;Piazzale Orsa Maggiore, 2/a;LAPUCCI LORENZINA;6319231004;55;58116;LADISPOLI;MARINA DI SAN NICOLA;58;RM;ROMA;120;LAZIO;01/01/2005;31/07/2007;Ordinaria;1;41.95433;12.09879;1
9839;0;Via Umberto I, 5;COVIELLO MARIA CONCETTA;6449801007;60;58033;CIVITELLA SAN PAOLO;-;58;RM;ROMA;120;LAZIO;01/10/2010;-;Ordinaria;1;42.19862;12.56763;1
9840;0;Viale Africa, 34;LE RUGHE DEI DR.I VINCENZO E VERONICA SANNA SNC;6789621007;60;58038;FORMELLO;LE RUGHE;58;RM;ROMA;120;LAZIO;01/01/2005;-;Ordinaria;1;42.06857;12.41027;1
9841;0;Via Trieste, 8;PACE MERCURIO VITTORIO;938170578;60;58106;TORRITA TIBERINA;-;58;RM;ROMA;120;LAZIO;01/01/2005;-;Ordinaria;1;42.23007;12.62548;1
9842;0;Via G. Matteotti, 77;COMUNALE N.2 OSPEDALE SS. GONFALONE;-;15;58065;MONTEROTONDO;-;58;RM;ROMA;120;LAZIO;01/01/2005;-;Ordinaria;1;42.06878;12.6236;1
9843;0;Piazza Plebiscito, 17/18;PALLANTE ETTORE;575241005;19;58104;TIVOLI;-;58;RM;ROMA;120;LAZIO;01/01/2005;-;Ordinaria;1;41.96092;12.79888;1
9844;0;Corso Garibaldi, 15;COMUNALE N.1 COLLEFERRO DR.SSA CINZIA PRIORI;5922051007;34;58034;COLLEFERRO;-;58;RM;ROMA;120;LAZIO;01/03/2013;31/03/2015;Ordinaria;1;41.73082;13.00518;1
9845;0;P.za Mazzini, 6;RONZONI;8521541006;34;58034;COLLEFERRO;-;58;RM;ROMA;120;LAZIO;01/01/2005;30/09/2011;Ordinaria;1;41.72725;13.00378;1
9846;0;Viale Roma, 86;SCAVOLINI SAS DI DEL BIAGIO PIO;9230761000;12;58047;GUIDONIA MONTECELIO;-;58;RM;ROMA;120;LAZIO;01/05/2008;-;Ordinaria;1;41.98986;12.71947;1
9847;0;Via Nomentana, 32;COTOGNI GABRIELLA;995230588;15;58065;MONTEROTONDO;-;58;RM;ROMA;120;LAZIO;01/01/2005;30/09/2010;Ordinaria;1;42.06269;12.59406;1
9848;0;Via Casilina, 130;BRIZZI SNC DI FRANCESCA ED ELISA BRIZZI SNC;12433581001;38;58110;VALMONTONE;-;58;RM;ROMA;120;LAZIO;01/01/2005;31/12/2014;Ordinaria;1;41.77447;12.92028;1
9849;0;Via Fabrini, 1;FALVO DOTT. GENOVESE SALVATORE;9063261003;39;58114;ZAGAROLO;-;58;RM;ROMA;120;LAZIO;01/04/2007;-;Ordinaria;1;41.85383;12.79459;1
9850;0;Corso Filippo Turati, 21;BROCCHIERI RENATO;870490588;34;58034;COLLEFERRO;-;58;RM;ROMA;120;LAZIO;01/01/2005;31/08/2011;Ordinaria;1;41.73739;12.99046;1
9851;0;Via F. Corridoni, 47;LUZI VINCENZO;417291002;30;58119;SAN CESAREO;-;58;RM;ROMA;120;LAZIO;01/01/2005;28/02/2013;Ordinaria;1;41.82739;12.78679;1
9852;0;Via Adige, 36;COMUNALE N.1 MONTEROTONDO;2128361009;15;58065;MONTEROTONDO;-;58;RM;ROMA;120;LAZIO;01/01/2005;28/02/2013;Ordinaria;1;42.06878;12.6236;1
9853;0;V.le Umberto I, 8;BOCCA MARCELLO;4353981006;10;58096;SAN POLO DEI CAVALIERI;-;58;RM;ROMA;120;LAZIO;01/01/2005;31/05/2013;Ordinaria;1;42.01179;12.83939;1
9854;0;Via Livio Mariani, 8;CASOLI DANIELA;166091009;20;58055;MARANO EQUO;-;58;RM;ROMA;120;LAZIO;01/01/2005;-;Ordinaria;1;41.99438;13.01413;1
9855;0;Via Naz. Tiburtina, 153/155;TORNAGHI GIACOMO;278540588;10;58104;TIVOLI;VILLA ADRIANA;58;RM;ROMA;120;LAZIO;01/01/2005;31/07/2010;Ordinaria;1;41.95652;12.77343;1
9856;0;Via Tiburtina Valeria, 92;SANASI SAS DI SANASI RAFFAELE;9183011007;11;58047;GUIDONIA MONTECELIO;VILLALBA;58;RM;ROMA;120;LAZIO;01/07/2007;30/04/2012;Ordinaria;1;41.95215;12.69488;1
9857;0;Largo E. Tomei, 1;TRAVERSA MARIA GRAZIA;808911002;10;58095;SAN GREGORIO DA SASSOLA;-;58;RM;ROMA;120;LAZIO;01/01/2005;-;Ordinaria;1;41.92435;12.8606;1
9858;0;Piazza S. Sebastiano, 12;PALOMBI DAVID;575751003;21;58001;AFFILE;-;58;RM;ROMA;120;LAZIO;01/01/2005;-;Ordinaria;1;41.89449;13.08346;1
9859;0;Viale Roma, 100;SCOPPINO EMANUELITA;719751000;18;58075;PALOMBARA SABINA;CRETONE;58;RM;ROMA;120;LAZIO;01/01/2005;-;Ordinaria;1;42.06718;12.70553;1
9860;0;Piazza delle Ville, 33;PANATTA ROBERTO;13050281008;22;58006;ANTICOLI CORRADO;-;58;RM;ROMA;120;LAZIO;01/01/2015;-;Ordinaria;1;42.00952;12.98909;1
9861;0;Largo Lavatoio, 1;MASTROMATTEO ALDO;510241003;32;58020;CARPINETO ROMANO;-;58;RM;ROMA;120;LAZIO;01/01/2005;-;Ordinaria;1;41.59886;13.09138;1
9862;0;Piazza della Vittoria, 4;INFANTINO SALVATORE;7852201008;25;58044;GERANO;-;58;RM;ROMA;120;LAZIO;01/10/2010;-;Ordinaria;1;41.93047;12.99452;1
9863;0;Via Roma, snc;GIANNONE GIORGIO;339701005;30;58012;BELLEGRA;-;58;RM;ROMA;120;LAZIO;01/01/2005;-;Ordinaria;1;41.87965;13.02906;1
9864;0;Via S. Maria, 1;DI CECCO DELLA DR.SSA DI CECCO GIUSTINIANA & C. SAS;6951681003;29;58112;VICOVARO;-;58;RM;ROMA;120;LAZIO;01/01/2005;-;Ordinaria;1;42.01673;12.89545;1
9865;0;Via Cadorna, 31;GIOVANNI XXIII DR.SSA VILLONE ANTONIETTA;2465370803;28;58103;SUBIACO;-;58;RM;ROMA;120;LAZIO;01/10/2007;31/03/2015;Ordinaria;1;41.93646;13.11746;1
9866;0;Viale Roma, sn;ALEANDRI DEL DR. PANZIRONI SETTIMIO;8264171003;12;58047;GUIDONIA MONTECELIO;-;58;RM;ROMA;120;LAZIO;01/01/2005;-;Ordinaria;1;41.98134;12.70358;1
9867;0;Via Fleming, 53/D;LAURENZI MARIO;404081002;31;58011;ARTENA;-;58;RM;ROMA;120;LAZIO;01/01/2005;-;Ordinaria;1;41.74355;12.91045;1
9868;0;Via Casilina km. 50,300;COMUNALE N.2 COLLEFERRO SCALO;5922051007;30;58034;COLLEFERRO;COLLEFERRO SCALO;58;RM;ROMA;120;LAZIO;01/03/2011;-;Ordinaria;1;41.73739;12.99046;1
9869;0;Via della Vittoria, 8;ZANDONADI PIETRINO;850391004;30;58041;GAVIGNANO;-;58;RM;ROMA;120;LAZIO;01/01/2008;-;Ordinaria;1;41.70479;13.06823;1
9870;0;VIALE DEI PINI, 17;LEODORI ROSARIA;12921251000;30;58089;ROCCA SANTO STEFANO;-;58;RM;ROMA;120;LAZIO;01/03/2013;-;Ordinaria;1;41.91485;13.03297;1
9871;0;Via Mazzini, 82;BRIZZI DANIELE;54761002;30;58062;MONTELANICO;-;58;RM;ROMA;120;LAZIO;01/01/2005;-;Ordinaria;1;41.64883;13.04017;1
9872;0;Via Regina Elena, 31 A-B;PORTELLI GIOVANNI;618431001;10;58056;MARCELLINA;-;58;RM;ROMA;120;LAZIO;01/01/2005;-;Ordinaria;1;42.02243;12.80852;1
9873;0;Piazza San Giorgio, snc;CONTRATTI FERNANDO;120151006;20;58008;ARCINAZZO ROMANO;-;58;RM;ROMA;120;LAZIO;01/01/2005;-;Ordinaria;1;41.87865;13.11637;1
9874;0;Via Roma, 14;BERNACCHIA ROMANO;45961000;20;58030;CICILIANO;-;58;RM;ROMA;120;LAZIO;01/01/2005;30/04/2009;Ordinaria;1;41.9614;12.9418;1
9875;0;Via Empolitana, 126;CARICARI FABIO;9724711008;19;58104;TIVOLI;-;58;RM;ROMA;120;LAZIO;01/02/2008;30/09/2010;Ordinaria;1;41.95606;12.80477;1
9876;0;Viale Giovanni XXIII, 31;RICCARDI MARGHERITA;656141009;30;58090;ROIATE;-;58;RM;ROMA;120;LAZIO;01/01/2005;31/03/2013;Ordinaria;1;41.86988;13.06949;1
9877;0;Viale Ungheria, 84;GIOVANNONE DI ALESSIA E RENATO ALBANESE;12922481002;39;58114;ZAGAROLO;-;58;RM;ROMA;120;LAZIO;01/10/2014;-;Ordinaria;1;41.83206;12.83674;1
9878;0;Corso Vittorio Emanuele, 80;MORELLI ANGIOLETTA;477381008;37;58102;SEGNI;-;58;RM;ROMA;120;LAZIO;01/01/2005;-;Ordinaria;1;41.68986;13.021;1
9879;0;Via Maremmana Inferiore, 153;TORNAGHI BENEDETTA;7725051002;10;58047;GUIDONIA MONTECELIO;VILLANOVA;58;RM;ROMA;120;LAZIO;01/01/2005;31/07/2010;Ordinaria;1;41.98134;12.70358;1
9880;0;Via Belvedere A. Nardi, 4;SALTARELLI ARMANDO;6968091006;10;58098;SANT'ANGELO ROMANO;-;58;RM;ROMA;120;LAZIO;01/01/2005;31/12/2014;Ordinaria;1;42.03273;12.70616;1
9881;0;Contr. Borgata S. Marino, 50;TRUCCO EGIDIO;796641009;30;58045;GORGA;-;58;RM;ROMA;120;LAZIO;01/01/2005;28/02/2013;Ordinaria;1;41.65502;13.10909;1
9882;0;Via Turati, 133-135;AZIENDA PLURISERVIZI MONTEROTONDO - COMUNALE N.3;-;15;58065;MONTEROTONDO;-;58;RM;ROMA;120;LAZIO;01/03/2013;-;Ordinaria;1;42.06878;12.6236;1
9883;0;Via San Giovanni, 26;PASQUALE DONATO ANTONIO;-;36;58074;PALESTRINA;-;58;RM;ROMA;120;LAZIO;01/01/2005;31/08/2010;Ordinaria;1;41.83472;12.88699;1
9884;0;Via Nomentana, 194;COMUNALE CASALI DI MENTANA;-;13;58059;MENTANA;CASALI DI MENTANA;58;RM;ROMA;120;LAZIO;01/03/2013;-;Ordinaria;1;42.04086;12.6634;1
9885;0;Via Ignazio Silone - II Ponte IACP;COMUNALE LAURENTINO;5903241007;143;58091;ROMA;-;58;RM;ROMA;120;LAZIO;01/09/2007;-;Ordinaria;1;41.92368;12.57115;1
9886;0;Viale Cesare Pavese, 310;COMUNALE FONTE OSTIENSE FERRATELLA;5903241007;144;58091;ROMA;-;58;RM;ROMA;120;LAZIO;01/09/2007;-;Ordinaria;1;41.81751;12.47425;1
9887;0;Via Empolitana, 17;POGGI RENZO;563931005;19;58104;TIVOLI;-;58;RM;ROMA;120;LAZIO;01/01/2005;-;Ordinaria;1;41.95606;12.80477;1
9888;0;Via Tiburtina, 349;BALDINELLI FABIO;9348330581;11;58104;TIVOLI;BAGNI DI TIVOLI;58;RM;ROMA;120;LAZIO;01/01/2005;-;Ordinaria;1;41.95168;12.71736;1
9889;0;Via 3 Novembre, 105-109;LODI GAETANO;381101005;13;58059;MENTANA;-;58;RM;ROMA;120;LAZIO;01/01/2005;-;Ordinaria;1;42.03379;12.63924;1
9890;0;Piazza Nazionale, 15;PETRILLI ANNA RITA;639331008;10;58067;MORICONE;-;58;RM;ROMA;120;LAZIO;01/01/2005;-;Ordinaria;1;42.11347;12.74396;1
9891;0;Corso Umberto, 23;ROSSI BRUNORI ENRICO MARIA;695251009;10;58063;MONTELIBRETTI;-;58;RM;ROMA;120;LAZIO;01/01/2005;-;Ordinaria;1;42.13522;12.73855;1
9892;0;Largo Mons. Giuseppe Cascioli, 8;DI RONZA VINCENZO;251621009;10;58078;POLI;-;58;RM;ROMA;120;LAZIO;01/01/2005;-;Ordinaria;1;41.88882;12.89199;1
9893;0;VIA CARLO GOLDONI, SNC;COM.LE MENTANA N.2;6905571003;13;58059;MENTANA;TOR LUPARA;58;RM;ROMA;120;LAZIO;01/12/2014;-;Ordinaria;1;42.04086;12.6634;1
9894;0;Via Cavour, 73;CARRELLO MARIA;7440930589;33;58026;CAVE;-;58;RM;ROMA;120;LAZIO;01/01/2005;-;Ordinaria;1;41.81189;12.93249;1
9895;0;VIA VITTORIO VENETO           8;MACCHIAROLI ROSARIO;7547120589;30;58025;CASTEL SAN PIETRO ROMANO;Santa Maria snc;58;RM;ROMA;120;LAZIO;01/01/2005;30/09/2010;Ordinaria;1;41.85816;12.90348;1
9896;0;Via Trento e Trieste, 36/38;BACECCI CINZIA;1791003;30;58042;GENAZZANO;-;58;RM;ROMA;120;LAZIO;01/01/2005;-;Ordinaria;1;41.81444;12.98202;1
9897;0;Via Garibaldi, 2;CENTRALE SAS DI SCHIAPPA ANTONIO & C.;7908661007;28;58103;SUBIACO;-;58;RM;ROMA;120;LAZIO;01/01/2005;-;Ordinaria;1;41.93646;13.11746;1
9898;0;Via Aldo Moro, 88-90;STAZI UBALDO;777251000;10;58040;GALLICANO NEL LAZIO;-;58;RM;ROMA;120;LAZIO;01/01/2005;-;Ordinaria;1;41.86495;12.83246;1
9899;0;Via IV Novembre, 8;GIDIUCCI MARISA;322811001;10;58061;MONTEFLAVIO;-;58;RM;ROMA;120;LAZIO;01/01/2005;-;Ordinaria;1;42.10818;12.83038;1
9900;0;Via G. Theodoli, 46;MAZZE' NICOLA;3639691009;20;58094;SAMBUCI;-;58;RM;ROMA;120;LAZIO;01/09/2010;-;Ordinaria;1;41.98807;12.93828;1
9902;0;Via IV Novembre, 97/B;BERTI ANNA;52761004;10;58066;MONTORIO ROMANO;-;58;RM;ROMA;120;LAZIO;01/01/2005;-;Ordinaria;1;42.13642;12.80645;1
9903;0;Piazza C. Battisti, 16;PISANTI ADRIANO;-;37;58102;SEGNI;-;58;RM;ROMA;120;LAZIO;01/10/2009;-;Ordinaria;1;41.69143;13.00528;1
9904;0;-;MARCHETTI ANNA LUISA;471261008;12;58047;GUIDONIA MONTECELIO;SETTEVILLE;58;RM;ROMA;120;LAZIO;01/01/2005;31/05/2006;Ordinaria;1;41.94231;12.64981;1
9905;0;Piazza Aldo Moro, 15/16;RESTAINO FELICE;698771003;12;58047;GUIDONIA MONTECELIO;ALBUCCIONE;58;RM;ROMA;120;LAZIO;01/01/2005;-;Ordinaria;1;41.9611;12.79821;1
9906;0;Piazza S. Giovanni, 37;DE MICHELE SERGIO;8710440580;14;58047;GUIDONIA MONTECELIO;-;58;RM;ROMA;120;LAZIO;01/09/2010;-;Ordinaria;1;41.98134;12.70358;1
9907;0;Via Maremmana Inferiore, 300;ROSSETTI LAURA;8695740582;10;58047;GUIDONIA MONTECELIO;VILLANOVA;58;RM;ROMA;120;LAZIO;01/01/2005;30/09/2012;Ordinaria;1;42.00646;12.76223;1
9908;0;Piazza F. Patellani, snc;TERRONE SNC;13264951008;38;58110;VALMONTONE;Centro Comm.le I Macinanti;58;RM;ROMA;120;LAZIO;01/06/2015;-;Ordinaria;1;41.77111;12.9183;1
9909;0;Via Brennero, 24/26;SALUCCI ALDO;10653101005;10;58122;FONTE NUOVA;TOR LUPARA;58;RM;ROMA;120;LAZIO;01/01/2010;28/02/2013;Ordinaria;1;41.99284;12.62004;1
9910;0;Via Reatina, 48/A;IAMPICONI ELSA;3622471005;13;58059;MENTANA;-;58;RM;ROMA;120;LAZIO;01/01/2005;-;Ordinaria;1;42.03872;12.63947;1
9911;0;Via della Vittoria, 23;TROILO GIOVANNI;798741005;36;58074;PALESTRINA;-;58;RM;ROMA;120;LAZIO;01/01/2005;-;Ordinaria;1;41.81832;12.8587;1
9912;0;Piazza Roma, 5;CAPONERA GIUSEPPINA;8050401002;20;58017;CANTERANO;-;58;RM;ROMA;120;LAZIO;01/01/2005;-;Ordinaria;1;41.93766;13.03968;1
9913;0;Piazza della Queva, 11;BALDINELLI MARCO;3975131008;11;58104;TIVOLI;BAGNI DI TIVOLI;58;RM;ROMA;120;LAZIO;01/01/2005;-;Ordinaria;1;41.96092;12.79888;1
9914;0;Via Salaria, 221;PALLI DOMENICO;9062190583;18;58065;MONTEROTONDO;MONTEROTONDO SCALO;58;RM;ROMA;120;LAZIO;01/03/2013;-;Ordinaria;1;42.07056;12.5987;1
9915;0;Piazza S. Maria delle Grazie, 5;COMUNALE N.4 MONTEROTONDO;-;15;58065;MONTEROTONDO;-;58;RM;ROMA;120;LAZIO;01/01/2005;28/02/2013;Ordinaria;1;42.06878;12.6236;1
9916;0;Via Monte Bianco, 59-61;BARRESI ANTONINO;7747581002;12;58047;GUIDONIA MONTECELIO;COLLEVERDE;58;RM;ROMA;120;LAZIO;01/01/2005;-;Ordinaria;1;41.98132;12.62042;1
9917;0;Via Rosolina, 101;SCIARRA DEL DR. GIUSEPPE SCIARRA E C. SNC;9114860589;10;58104;TIVOLI;VILLA ADRIANA;58;RM;ROMA;120;LAZIO;01/01/2005;31/08/2010;Ordinaria;1;41.94931;12.77224;1
9918;0;Via Sublacense, 19;EREDI CONTE DR. MARIO;11158561008;20;58002;AGOSTA;-;58;RM;ROMA;120;LAZIO;01/03/2011;30/09/2011;Ordinaria;1;41.98053;13.04089;1
9919;0;Corso Guglielmo Marconi, 6;PROIETTI GABRIELLA;9109180589;10;58021;CASAPE;-;58;RM;ROMA;120;LAZIO;01/01/2005;-;Ordinaria;1;41.90679;12.88532;1
9920;0;Via dei Girasoli, 30;SCARAMELLA SIMONETTA;8665920586;12;58047;GUIDONIA MONTECELIO;COLLEFIORITO;58;RM;ROMA;120;LAZIO;01/01/2005;-;Ordinaria;1;41.98134;12.70358;1
9921;0;Via Provinciale, 7;RASI GIORGIO;4443721008;20;58083;RIOFREDDO;-;58;RM;ROMA;120;LAZIO;01/01/2005;-;Ordinaria;1;42.06052;13.00033;1
9922;0;Via della Libert, 19;PACIFICI-TORNAGHI DI M. EUPLE PACIFICI & C.SNC;4486531009;24;58023;CASTEL MADAMA;-;58;RM;ROMA;120;LAZIO;01/01/2015;-;Ordinaria;1;41.96884;12.8753;1
9923;0;Via Giacomo Matteotti, 6/8/10;CUCCHIARONI ANDREA;70671003;15;58065;MONTEROTONDO;-;58;RM;ROMA;120;LAZIO;01/01/2005;31/08/2010;Ordinaria;1;42.06878;12.6236;1
9924;0;Via della Liberta', 50;ANTICA FARMACIA SALUCCI SAS;4657631000;18;58075;PALOMBARA SABINA;-;58;RM;ROMA;120;LAZIO;01/01/2005;-;Ordinaria;1;42.06795;12.76584;1
9925;0;Via Tiburtina Valeria Km 34,300;SULSENTI ADRIANA;7149720588;19;58104;TIVOLI;-;58;RM;ROMA;120;LAZIO;01/01/2005;31/12/2007;Ordinaria;1;41.95215;12.69488;1
9926;0;Via Gramsci, 42;ZUCCARELLO SALVATORE;9931980586;26;58051;LICENZA;-;58;RM;ROMA;120;LAZIO;01/01/2005;-;Ordinaria;1;42.07867;12.89309;1
9927;0;Via Campolimpido di Tivoli;GIOVANNOLA FABRIZIO;4873791000;19;58104;TIVOLI;VILLA ADRIANA;58;RM;ROMA;120;LAZIO;01/01/2005;-;Ordinaria;1;41.96092;12.79888;1
9928;0;Piazza Mazzini, 10;ROMAGNOLI GIANNI;10178450580;30;58049;LABICO;-;58;RM;ROMA;120;LAZIO;01/01/2005;-;Ordinaria;1;41.79052;12.86386;1
9929;0;Via Costa Sole, 22;PULIGNANO GIOVANNA;5338841009;20;58027;CERRETO LAZIALE;-;58;RM;ROMA;120;LAZIO;01/01/2008;-;Ordinaria;1;41.95601;12.97645;1
9930;0;VIA C. BATTISTI, 88;CONTI DI VALENTINI LORENZO E GIUSEPPE SNC;5096221006;19;58104;TIVOLI;-;58;RM;ROMA;120;LAZIO;01/03/2013;-;Ordinaria;1;41.96092;12.79888;1
9931;0;Via Vittorio Veneto, 47/49;FACCIOLO FRANCESCO;5241761005;30;58074;PALESTRINA;CARCHITTI;58;RM;ROMA;120;LAZIO;01/01/2005;-;Ordinaria;1;41.81832;12.8587;1
9932;0;Via Nomentana, 501;BOLLE LUCIANA;10219490587;13;58059;MENTANA;TOR LUPARA;58;RM;ROMA;120;LAZIO;01/10/2010;-;Ordinaria;1;42.01552;12.64078;1
9933;0;Via Pio XII, 60;SIMEONI ROBERTO;10374480589;33;58026;CAVE;-;58;RM;ROMA;120;LAZIO;01/03/2013;-;Ordinaria;1;41.83582;12.8882;1
9934;0;Via F. Bulgarini, 28;PANGIA RAFFAELE VINCENZO;5381141000;19;58104;TIVOLI;-;58;RM;ROMA;120;LAZIO;01/01/2005;-;Ordinaria;1;41.95565;12.79461;1
9935;0;Via Palombarese, 137/141;BERNOCCHI DELLA DOTT.SSA EMILIA BERNOCCHI E C. SAS;12511641008;13;58059;MENTANA;-;58;RM;ROMA;120;LAZIO;01/03/2013;-;Ordinaria;1;42.00559;12.67558;1
9936;0;Piazza Amico D'Arsoli, 2/A;SAN BARTOLOMEO DEI DR.I A. & G. TASSONE SNC;7700511004;23;58010;ARSOLI;-;58;RM;ROMA;120;LAZIO;01/01/2005;-;Ordinaria;1;42.04165;13.0173;1
9937;0;Piazza Rivarola, 8;MINELLI SNC DEI DR.I GIOVANNA E MICHELE MINELLI;7745301007;19;58104;TIVOLI;-;58;RM;ROMA;120;LAZIO;01/01/2005;-;Ordinaria;1;41.96542;12.79936;1
9938;0;Via Piagge 20;ALIQUO' FRANCESCO;-;20;58077;PISONIANO;-;58;RM;ROMA;120;LAZIO;01/01/2005;31/12/2007;Ordinaria;1;41.90506;12.95811;1
9939;0;Viale Piave, 80;VIZZACCARO SAS DELLA DR.SSA VIZZACCARO MARIA GRAZIA;10608341003;30;58100;SAN VITO ROMANO;S.VITO ROMANO;58;RM;ROMA;120;LAZIO;01/11/2009;30/09/2010;Ordinaria;1;41.87982;12.97939;1
9940;0;Piazza Unione, 3;BIASIOTTI ELSA;-;31;58011;ARTENA;-;58;RM;ROMA;120;LAZIO;01/01/2005;-;Ordinaria;1;41.7287;12.89429;1
9941;0;Via Lata, 251;ARTEMISIA DOTT. ANGELO MONTECUOLLO;7410481001;49;58111;VELLETRI;-;58;RM;ROMA;120;LAZIO;01/01/2005;28/02/2011;Ordinaria;1;41.69291;12.78058;1
9942;0;Piazza Matteotti, 6;BAGNI PATRIZIA;4141401002;13;58059;MENTANA;CASTELCHIODATO;58;RM;ROMA;120;LAZIO;01/01/2005;-;Ordinaria;1;42.05704;12.69739;1
9943;0;Via della Croce, 13;PELLEGRINO SALVATORE;6366991005;36;58074;PALESTRINA;-;58;RM;ROMA;120;LAZIO;01/01/2005;-;Ordinaria;1;41.83611;12.87824;1
9944;0;Viale Vittorio Veneto, 4;QUADRINI DI REMO QUADRINI SAS;10233841005;35;58073;OLEVANO ROMANO;-;58;RM;ROMA;120;LAZIO;01/03/2013;-;Ordinaria;1;41.86062;13.03309;1
9945;0;Via Fontana Bracchi, 61/A;LA SALUTE DR.SSA MIRELLA LA VERGHETTA;-;34;58034;COLLEFERRO;-;58;RM;ROMA;120;LAZIO;01/03/2009;31/05/2009;Ordinaria;1;41.73739;12.99046;1
9946;0;Corso Umberto I, 14;SAN GASPARE DR.SSA BONO TERESA;1652050590;20;58048;JENNE;-;58;RM;ROMA;120;LAZIO;01/06/2013;-;Ordinaria;1;41.89068;13.16637;1
9947;0;Viale Ungheria, 3;SOFI DOMENICA;6587911006;27;58092;ROVIANO;-;58;RM;ROMA;120;LAZIO;01/01/2005;-;Ordinaria;1;42.03014;12.99474;1
9948;0;Largo Falcone, 7;IVELLA SIMONETTA;8777560585;12;58047;GUIDONIA MONTECELIO;-;58;RM;ROMA;120;LAZIO;01/01/2005;-;Ordinaria;1;41.98134;12.70358;1
9949;0;Piazza Bonaparte, 9;DI NAPOLI STEFANO;6711751005;20;58053;MANDELA;-;58;RM;ROMA;120;LAZIO;01/01/2005;-;Ordinaria;1;42.04053;12.92692;1
9950;0;Via della Vittoria, 7;CIOCCOLONI DI ROSSI DONATELLA E C. SNC;6778481009;63;58015;CAMPAGNANO DI ROMA;-;58;RM;ROMA;120;LAZIO;01/01/2005;-;Ordinaria;1;42.13191;12.36968;1
9951;0;Corso Italia, 92;ALTOBELLI SAS DEI DR. D. ALTOBELLI, A. FIRRIOLO & C;11498151007;11;58047;GUIDONIA MONTECELIO;VILLALBA;58;RM;ROMA;120;LAZIO;01/05/2012;-;Ordinaria;1;41.95465;12.73069;1
9952;0;Via Salaria Vecchia, 22;NEROLA DR. FRANCESCO PALMIERI;2427720244;17;58071;NEROLA;ACQUAVIVA;58;RM;ROMA;120;LAZIO;01/01/2005;-;Ordinaria;1;42.16728;12.76586;1
9953;0;Piazzale Giovanni XXIII, snc;VECCHIARINO GIUSEPPE;7319041005;20;58028;CERVARA DI ROMA;-;58;RM;ROMA;120;LAZIO;01/01/2005;-;Ordinaria;1;41.98626;13.08342;1
9954;0;Piazza della Liberta', 11;BALDESCHI MARIO;11541000;40;58022;CASTEL GANDOLFO;-;58;RM;ROMA;120;LAZIO;01/01/2005;-;Ordinaria;1;41.74252;12.64888;1
9955;0;Via F.lli Colabona, 33;E.C.A. GENZANO;184527;45;58043;GENZANO DI ROMA;-;58;RM;ROMA;120;LAZIO;01/01/2005;28/02/2010;Ordinaria;1;41.67771;12.70611;1
9956;0;Piazza C. Fontana, 4;COMUNALE N.1 LANUVIO;-;40;58050;LANUVIO;-;58;RM;ROMA;120;LAZIO;01/01/2005;-;Ordinaria;1;41.64349;12.68539;1
9957;0;Piazza M. Mastrofini, 25;ENNIO PONZI SAS;10182371004;40;58060;MONTECOMPATRI;-;58;RM;ROMA;120;LAZIO;01/01/2005;-;Ordinaria;1;41.80769;12.73683;1
9958;0;Via A. De Gasperi, 52;COMUNALE ALBANO;79660841;41;58003;ALBANO LAZIALE;-;58;RM;ROMA;120;LAZIO;01/01/2005;28/02/2013;Ordinaria;1;41.72967;12.65878;1
9959;0;Corso Trieste, 3;TACCONI CESARE;781811005;47;58057;MARINO;-;58;RM;ROMA;120;LAZIO;01/01/2005;31/08/2008;Ordinaria;1;41.76159;12.62463;1
9960;0;Via Monte Grappa, 62;COMUNALE N.1 CIAMPINO;-;43;58118;CIAMPINO;-;58;RM;ROMA;120;LAZIO;01/01/2005;30/06/2007;Ordinaria;1;41.80142;12.60149;1
9961;0;Piazza Pia, 11;INTERNAZIONALE DI P. CICCONETTI & C. SNC;10334451001;42;58007;ANZIO;-;58;RM;ROMA;120;LAZIO;01/09/2009;-;Ordinaria;1;41.44696;12.62833;1
9962;0;Piazza S. Pietro, 2;SAN PIETRO SNC DEI DOTT.RI MARIA LETIZIA E NICOLA MARINI;9530881003;44;58039;FRASCATI;-;58;RM;ROMA;120;LAZIO;01/03/2013;-;Ordinaria;1;41.80752;12.68053;1
9963;0;Piazza del Gesu', 13;ARAMINI ALESSANDRO;851130583;44;58039;FRASCATI;-;58;RM;ROMA;120;LAZIO;01/01/2005;30/06/2007;Ordinaria;1;41.80815;12.68072;1
9964;0;Piazza Cairoli, 46;ROMANI RICCARDO;447910589;49;58111;VELLETRI;-;58;RM;ROMA;120;LAZIO;01/01/2005;31/03/2007;Ordinaria;1;41.68895;12.77973;1
9965;0;Piazza Borghese, 3 e Piazza Mercato, 12;SUBRIZI DEL DR. MARCO COLUCCI & C. SNC;8622631003;40;58064;MONTE PORZIO CATONE;-;58;RM;ROMA;120;LAZIO;01/01/2005;-;Ordinaria;1;41.81595;12.71031;1
9966;0;Via del Corso, 82;CALDERAZZO F2 SAS DEL DR. FILIPPO CALDERAZZO;12299491006;49;58111;VELLETRI;-;58;RM;ROMA;120;LAZIO;01/05/2013;-;Ordinaria;1;41.66318;12.76837;1
9967;0;Piazzale Ugo La Malfa, 2;COMUNALE N.2 LANUVIO PASCOLARE;2128361009;40;58050;LANUVIO;PASCOLARE LANUVIO;58;RM;ROMA;120;LAZIO;01/03/2013;-;Ordinaria;1;41.6797;12.71262;1
9968;0;Via Silvio Spaventa, 10;SCARFO'  SAS DEL DR. SCARFO' GIOVANNI;10750871005;40;58086;ROCCA DI PAPA;-;58;RM;ROMA;120;LAZIO;01/03/2011;-;Ordinaria;1;41.75357;12.73606;1
9969;0;Via del Comune, 66;CESARONI BRUNO;168381002;49;58111;VELLETRI;-;58;RM;ROMA;120;LAZIO;01/01/2005;-;Ordinaria;1;41.6878;12.77819;1
9970;0;Corso Trieste, 55;FRANCESCHETTI SANDRA;9229710588;47;58057;MARINO;-;58;RM;ROMA;120;LAZIO;01/01/2005;-;Ordinaria;1;41.76159;12.62463;1
9971;0;Piazza Kennedy, 50/A;COMUNALE CIAMPINO 2;2315031001;43;58118;CIAMPINO;-;58;RM;ROMA;120;LAZIO;01/03/2013;-;Ordinaria;1;41.79433;12.61516;1
9972;0;Corso del Popolo, 7;GHELFI MAURO;327391009;46;58046;GROTTAFERRATA;-;58;RM;ROMA;120;LAZIO;01/01/2005;-;Ordinaria;1;41.78782;12.66836;1
9973;0;Via del Mare, 22;CAMERUCCI GIANCARLO;110261005;40;58003;ALBANO LAZIALE;PAVONA DI ALBANO;58;RM;ROMA;120;LAZIO;01/01/2005;-;Ordinaria;1;41.72326;12.60668;1
9974;0;P.za Garibaldi, 54;COMUNALE N.3 MARINO;2128361009;47;58057;MARINO;-;58;RM;ROMA;120;LAZIO;01/01/2005;29/02/2008;Ordinaria;1;41.77009;12.65854;1
9975;0;Via dei Mille, 36;COMUNALE N.4 MARINO CAVA DEI SELCI;-;47;58057;MARINO;-;58;RM;ROMA;120;LAZIO;01/01/2005;-;Ordinaria;1;41.76159;12.62463;1
9976;0;Via Enrico Mattei, snc;COMUNALE GENZANO;-;45;58043;GENZANO DI ROMA;-;58;RM;ROMA;120;LAZIO;01/01/2005;28/02/2013;Ordinaria;1;41.70888;12.68658;1
9977;0;Via Napoli, 50;SANTA EUROSIA SNC DI MONTECUOLLO RAFFAELE;10747031002;40;58115;LARIANO;-;58;RM;ROMA;120;LAZIO;01/07/2011;-;Ordinaria;1;41.71912;12.82109;1
9978;0;Piazza Mazzini, 34;MOLINARI FRANCO;437731003;49;58111;VELLETRI;-;58;RM;ROMA;120;LAZIO;01/01/2005;-;Ordinaria;1;41.66318;12.76837;1
9979;0;Via Nettunense Vecchia, 82;BARDUCCI ARTURO;35451004;40;58057;MARINO;FRATTOCCHIE;58;RM;ROMA;120;LAZIO;01/01/2005;30/11/2007;Ordinaria;1;41.77009;12.65854;1
9980;0;Via Virgilio, 27;POMEZIA SERVIZI SPA - COMUNALE 1;5275911005;40;58079;POMEZIA;-;58;RM;ROMA;120;LAZIO;01/04/2010;-;Ordinaria;1;41.6669;12.50359;1
9981;0;Via Nettunense, 165;AMELI AMELIO;2303190587;47;58057;MARINO;Castelluccia;58;RM;ROMA;120;LAZIO;01/01/2005;-;Ordinaria;1;41.76159;12.62463;1
9982;0;Via Vittorio Veneto, 9;ORSENIGO SNC DI BALDINI GIANLUCA;10790351000;48;58072;NETTUNO;-;58;RM;ROMA;120;LAZIO;01/03/2012;28/02/2013;Ordinaria;1;41.45895;12.65834;1
9983;0;Via Carlo Casini, 165;FARMACAP - COMUNALE DRAGONCELLO;5903241007;126;58091;ROMA;ACILIA;58;RM;ROMA;120;LAZIO;01/03/2013;-;Ordinaria;1;41.78695;12.335;1
9984;0;Via Casilina Km 23,400;GIANNINI VINCENZO;2792650588;40;58060;MONTECOMPATRI;LAGHETTO;58;RM;ROMA;120;LAZIO;01/01/2005;-;Ordinaria;1;41.83945;12.73171;1
9985;0;Via Ardeatina, 289;FARFARELLI ENZO;2791600584;40;58007;ANZIO;LAVINIO;58;RM;ROMA;120;LAZIO;01/01/2005;-;Ordinaria;1;41.46575;12.61097;1
9986;0;Via Roma, 23;D'APOLITO DR.SSA GIUSEPPINA;12504531000;40;58086;ROCCA DI PAPA;-;58;RM;ROMA;120;LAZIO;01/04/2015;-;Ordinaria;1;41.75357;12.73606;1
9987;0;Largo G. da Montesarchio, 10-11;POMPEI DORIANO;-;125;58091;ROMA;ACILIA;58;RM;ROMA;120;LAZIO;01/01/2005;31/03/2007;Ordinaria;1;41.92368;12.57115;1
9988;0;VIALE FRANCIA, 98;AZ. SOCIO SANITARIA POMEZIA N. 2;-;40;58079;POMEZIA;TORVAIANICA;58;RM;ROMA;120;LAZIO;01/01/2005;31/03/2010;Ordinaria;1;41.62051;12.46297;1
9989;0;Via Fontana di Papa, 5 - 5A - 5B;FERRETTI SAS DEL DOTT. ANDREA FERRETTI;12385281006;40;58009;ARICCIA;-;58;RM;ROMA;120;LAZIO;01/10/2010;-;Ordinaria;1;41.70491;12.66109;1
9990;0;Via della Liberazione, 78;SCACCIAPENSIERI;7494501005;48;58072;NETTUNO;PORTICO SCACCIAPENSIERI;58;RM;ROMA;120;LAZIO;01/01/2005;-;Ordinaria;1;41.45871;12.66867;1
9991;0;VIALE TOR S. LORENZO, 139;COM.LE ARDEA (TOR S.LORENZO);-;40;58117;ARDEA;TOR SAN LORENZO;58;RM;ROMA;120;LAZIO;01/01/2005;-;Ordinaria;1;41.61206;12.55329;1
9992;0;Piazza Mazzini, 16/18;SCANDELLARI ALESSANDRO;718711005;48;58072;NETTUNO;-;58;RM;ROMA;120;LAZIO;01/01/2005;-;Ordinaria;1;41.47722;12.69403;1
9993;0;Via fracesi, 164/h;"COMUNALE 3 ""DEI FRANCESI""";2315031001;43;58118;CIAMPINO;-;58;RM;ROMA;120;LAZIO;01/07/2007;-;Ordinaria;1;41.79433;12.61516;1
9994;0;VIA DEL CORSO, 1;COM.LE OSPEDALE VELLETRI;-;49;58111;VELLETRI;-;58;RM;ROMA;120;LAZIO;01/01/2005;-;Ordinaria;1;41.66318;12.76837;1
9995;0;V.le delle Cerquette, 25;COMUNALE ARICCIA L.SPOLVERINI;121610802;40;58009;ARICCIA;-;58;RM;ROMA;120;LAZIO;01/01/2005;30/06/2007;Ordinaria;1;41.73088;12.68602;1
9996;0;Via Nettunense, 209;MILO DI VILLAGRAZIA F. SAVERIO;434641007;42;58007;ANZIO;FALASCHE;58;RM;ROMA;120;LAZIO;01/01/2005;-;Ordinaria;1;41.45433;12.62253;1
9997;0;VIA VARRONE                      17;AZ. SOCIO SANITARIA POMEZIA N. 3;-;40;58079;POMEZIA;-;58;RM;ROMA;120;LAZIO;01/01/2005;31/03/2010;Ordinaria;1;41.66925;12.49812;1
9998;0;Via S. Giacomo, snc;DE BENEDETTO GIOVANNI;185041001;48;58072;NETTUNO;-;58;RM;ROMA;120;LAZIO;01/01/2005;-;Ordinaria;1;41.47722;12.69403;1
9999;0;Via Nettunense 293 -Km 32,080;PAGLIACCI GIAMPIERO;564631000;40;58007;ANZIO;LAVINIO STAZIONE;58;RM;ROMA;120;LAZIO;01/01/2005;-;Ordinaria;1;41.44687;12.62884;1
10001;0;VIA MORENA                    162/4;COM.LE CIAMPINO N.4;2315031001;43;58118;CIAMPINO;-;58;RM;ROMA;120;LAZIO;01/07/2007;28/02/2013;Ordinaria;1;41.79433;12.61516;1
10002;0;Via Ardeatina, 170;GALASSI GALLIANA;334251006;42;58007;ANZIO;ANZIO COLONIA;58;RM;ROMA;120;LAZIO;01/01/2005;30/09/2012;Ordinaria;1;41.46575;12.61097;1
10003;0;Via Torcegno, 45;COMUNALE CASTEL FUSANO INFERNETTO;6261010588;122;58091;ROMA;-;58;RM;ROMA;120;LAZIO;01/01/2005;31/08/2007;Ordinaria;1;41.72665;12.37118;1
10004;0;Via Roma, 123;ZIACO MARIA PIA;847431004;40;58079;POMEZIA;-;58;RM;ROMA;120;LAZIO;01/01/2005;28/02/2011;Ordinaria;1;41.67289;12.50059;1
10005;0;Via Matteotti,7;CARAFA JACOBINI FEDERICA;8762601006;44;58039;FRASCATI;-;58;RM;ROMA;120;LAZIO;01/09/2010;28/02/2013;Ordinaria;1;41.82583;12.67067;1
10006;0;Via Danimarca, 185/187;VALENTE MARIA;4096861002;40;58079;POMEZIA;TORVAIANICA;58;RM;ROMA;120;LAZIO;01/01/2005;31/03/2007;Ordinaria;1;41.62097;12.4633;1
10007;0;Via Alcide de Gasperi, 2;ALBERTAZZI PAOLA;8681840586;40;58079;POMEZIA;-;58;RM;ROMA;120;LAZIO;01/01/2005;-;Ordinaria;1;41.66066;12.49853;1
10008;0;Via degli Olmi, 77;DI TULLIO MASSIMO;579331000;40;58088;ROCCA PRIORA;-;58;RM;ROMA;120;LAZIO;01/03/2013;-;Ordinaria;1;41.78222;12.78035;1
10009;0;Via Roma, 208;URBANI MASSIMO;4928261009;40;58115;LARIANO;-;58;RM;ROMA;120;LAZIO;01/01/2005;-;Ordinaria;1;41.71622;12.82146;1
10010;0;Via Cicerone, 2;EUROPA DI TIMPANO UGO & C. SNC;3833781002;42;58007;ANZIO;-;58;RM;ROMA;120;LAZIO;01/03/2013;-;Ordinaria;1;41.44687;12.62884;1
10011;0;Viale Salvo D'Acquisto, 16;CORE ALFONSO;9125050584;49;58111;VELLETRI;-;58;RM;ROMA;120;LAZIO;01/01/2005;-;Ordinaria;1;41.674;12.77585;1
10012;0;Via Martiri di Belfiore, 40;COMUNALE N. 8;-;40;58057;MARINO;S. MARIA DELLE MOLE;58;RM;ROMA;120;LAZIO;01/01/2005;28/02/2013;Ordinaria;1;41.76159;12.62463;1
10013;0;P.za Vittorio Emanuele, 6;CALIFANO GIUSEPPE;4104021003;30;58035;COLONNA;-;58;RM;ROMA;120;LAZIO;01/01/2005;28/02/2013;Ordinaria;1;41.83233;12.75868;1
10014;0;Via Niso, 22/24;ARDEA DR. BELLIZZI GIOVANNI;7198371002;40;58117;ARDEA;-;58;RM;ROMA;120;LAZIO;01/04/2007;31/08/2010;Ordinaria;1;41.61206;12.55329;1
10015;0;Via Risorgimento, 125/151;MARCONI SAS DI MARCONI MARIA PIA;4187421005;41;58003;ALBANO LAZIALE;-;58;RM;ROMA;120;LAZIO;01/01/2005;-;Ordinaria;1;41.71127;12.6344;1
10016;0;Piazza Togliatti, 41;FIORELLI NICOLA;4201721000;40;58057;MARINO;SANTA MARIA DELLE MOLE;58;RM;ROMA;120;LAZIO;01/01/2005;-;Ordinaria;1;41.76159;12.62463;1
10017;0;Corso della Repubblica, 195;DONFRANCESCO SNC;4388481006;49;58111;VELLETRI;-;58;RM;ROMA;120;LAZIO;01/01/2005;-;Ordinaria;1;41.68969;12.77908;1
10018;0;Piazza Roma 16;COMUNALE MONTEROTONDO 2;-;15;58065;MONTEROTONDO;-;58;RM;ROMA;120;LAZIO;01/01/2005;28/02/2013;Ordinaria;1;42.06878;12.6236;1
10019;0;Via Ovidio, 91;SANTONI SILVIA;9470160582;40;58079;POMEZIA;-;58;RM;ROMA;120;LAZIO;01/01/2005;-;Ordinaria;1;41.6722;12.49866;1
10020;0;Piazza Vittime del Fascismo, 15;CARNEVALI ANDREA;4519661005;46;58046;GROTTAFERRATA;-;58;RM;ROMA;120;LAZIO;01/01/2005;-;Ordinaria;1;41.78927;12.68002;1
10021;0;Corso Matteotti, 132;DE MARCHIS ALESSANDRO;4656471002;41;58003;ALBANO LAZIALE;-;58;RM;ROMA;120;LAZIO;01/10/2010;-;Ordinaria;1;41.72835;12.65902;1
10022;0;Via Belardi, 17;CARAFA EMIDIO;4660391006;45;58043;GENZANO DI ROMA;-;58;RM;ROMA;120;LAZIO;01/01/2005;-;Ordinaria;1;41.67771;12.70611;1
10023;0;Via Nettunense, 192;MARINI SNC DR.COSTANZO,NICOLA,ML;1368120588;40;58003;ALBANO LAZIALE;CECCHINA;58;RM;ROMA;120;LAZIO;01/01/2005;31/10/2007;Ordinaria;1;41.69323;12.64827;1
10024;0;Corso Matteotti, 83/8;SATULLI MARCO;4700991005;41;58003;ALBANO LAZIALE;-;58;RM;ROMA;120;LAZIO;01/09/2010;-;Ordinaria;1;41.72981;12.6577;1
10025;0;Via Santa Maria Goretti, 68;PUTERI ERNESTO;4748871003;48;58072;NETTUNO;-;58;RM;ROMA;120;LAZIO;01/01/2005;-;Ordinaria;1;41.47738;12.69912;1
10026;0;Via Antonio Gramsci, 41;BATTELLINI LINA;4748301001;42;58007;ANZIO;-;58;RM;ROMA;120;LAZIO;01/01/2005;31/05/2015;Ordinaria;1;41.4514;12.63461;1
10027;0;Piazza Garibaldi, 16;BARONE MARIA ANTONELLA;4763531003;48;58072;NETTUNO;-;58;RM;ROMA;120;LAZIO;01/01/2005;-;Ordinaria;1;41.47722;12.69403;1
10028;0;Via Ennio Visca, 41;PROVIDENTE ANDREA;12670781009;48;58072;NETTUNO;-;58;RM;ROMA;120;LAZIO;01/01/2005;-;Ordinaria;1;41.45891;12.66511;1
10029;0;Via Olanda, 2;INTERNAZIONALE DR FRANCO SANTONI;4898341005;40;58079;POMEZIA;TORVAIANICA;58;RM;ROMA;120;LAZIO;01/01/2008;31/12/2010;Ordinaria;1;41.62673;12.45737;1
10030;0;VIA LAURENTINA KM 25.5, 125;AZ. SOCIO SANITARIA POMEZIA N. 4;-;40;58079;POMEZIA;SANTA PROCULA;58;RM;ROMA;120;LAZIO;01/01/2005;31/03/2010;Ordinaria;1;41.67051;12.53613;1
10031;0;Viale Vittorio Veneto, 50;TORRINO DELLA DR.SSA M. CATERINA SCARAMELLA & C. SAS;4450551009;46;58046;GROTTAFERRATA;Localit Valle Violata;58;RM;ROMA;120;LAZIO;01/03/2013;-;Ordinaria;1;41.9006;13.17742;1
10032;0;Via Sebastiano Silvestri, 124-124/a;MARGUATI MARIA CRISTINA;10145190582;45;58043;GENZANO DI ROMA;-;58;RM;ROMA;120;LAZIO;01/01/2005;-;Ordinaria;1;41.70404;12.69127;1
10033;0;Viale del Lavoro, 1;PERETTI E SANTORI SNC;5126081008;43;58118;CIAMPINO;-;58;RM;ROMA;120;LAZIO;01/01/2005;-;Ordinaria;1;41.80257;12.60117;1
10034;0;Via Frascati, 11;COSTANZO LAURA;9301740586;40;58064;MONTE PORZIO CATONE;-;58;RM;ROMA;120;LAZIO;01/01/2005;30/09/2010;Ordinaria;1;41.81317;12.70097;1
10035;0;Corso V. Emanuele, 24;FAINA BEATRICE;9776050586;40;58070;NEMI;-;58;RM;ROMA;120;LAZIO;01/01/2005;-;Ordinaria;1;41.71758;12.7077;1
10036;0;Viale dei Coccei, 2;SPAZIANI ADRIANA;5626971005;44;58039;FRASCATI;COCCIANO;58;RM;ROMA;120;LAZIO;01/01/2005;-;Ordinaria;1;41.82583;12.67067;1
10037;0;VIA TUSCOLANA KM 27,900;FARMACIA COMUNALE BUERO;2315031001;40;58088;ROCCA PRIORA;-;58;RM;ROMA;120;LAZIO;01/07/2007;28/02/2013;Ordinaria;1;41.78222;12.78035;1
10038;0;Via Francesco Marini, 1;COMUNALE FRASCATI AZIENDA SPECIALE;7531151004;44;58039;FRASCATI;Villa Muti;58;RM;ROMA;120;LAZIO;01/07/2015;-;Ordinaria;1;41.82583;12.67067;1
10039;0;Via Genazzano,45;COMUNALE VALMONTONE S. ANNA;5716021000;38;58110;VALMONTONE;-;58;RM;ROMA;120;LAZIO;01/01/2005;28/02/2013;Ordinaria;1;41.77562;12.92642;1
10040;0;Viale Roma, 53;SANTA LUCIA DEL DOTT. GUALANO MICHELE & C. SNC;5819701003;49;58111;VELLETRI;Aria Fina;58;RM;ROMA;120;LAZIO;01/01/2005;-;Ordinaria;1;41.69307;12.77006;1
10041;0;VIA EMILIA ROMAGNA, 134;COMUNALE GENZANO N. 3;1038071005;45;58043;GENZANO DI ROMA;-;58;RM;ROMA;120;LAZIO;01/01/2005;-;Ordinaria;1;41.7004;12.69752;1
10042;0;Via Mura dei Francesi, 23;EREDI DE LAURENZI DELLE DR.SSE ANNA E LUCIA PERETTI & C. SNC;2315031001;43;58118;CIAMPINO;-;58;RM;ROMA;120;LAZIO;01/07/2007;31/08/2010;Ordinaria;1;41.80153;12.60407;1
10043;0;Piazza della Repubblica, 6;FOLIGNO GIOVANNA;5534131007;40;58009;ARICCIA;-;58;RM;ROMA;120;LAZIO;01/01/2005;29/02/2008;Ordinaria;1;41.66329;12.68663;1
10044;0;Largo Genova, 8;BARTOLOMUCCI ROBERTA FRANCESCA;1696091000;40;58117;ARDEA;NUOVA FLORIDA;58;RM;ROMA;120;LAZIO;01/01/2005;30/09/2014;Ordinaria;1;41.61206;12.55329;1
10045;0;Via Marcantonio Colonna, 2;VILLA DESIDERI;6223491009;47;58057;MARINO;-;58;RM;ROMA;120;LAZIO;01/01/2005;-;Ordinaria;1;41.77166;12.66692;1
10046;0;Via Crocifisso;COMUNALE CROCIFISSO;1125551000;40;58009;ARICCIA;-;58;RM;ROMA;120;LAZIO;01/01/2005;-;Ordinaria;1;41.70491;12.66109;1
10047;0;Via Olivella, 7-9-11;COMUNALE N.2 ALBANO;7156011004;41;58003;ALBANO LAZIALE;-;58;RM;ROMA;120;LAZIO;01/01/2005;-;Ordinaria;1;41.73021;12.64478;1
10048;0;Via Rossini, 12 A/C;PICCIOLO MARIA;407660836;41;58003;ALBANO LAZIALE;-;58;RM;ROMA;120;LAZIO;01/01/2005;-;Ordinaria;1;41.72469;12.6566;1
10049;0;Piazza Dante Alighieri, 9;PASSARELLA NUNZIATO;125100867;40;58009;ARICCIA;-;58;RM;ROMA;120;LAZIO;01/01/2005;30/06/2007;Ordinaria;1;41.70969;12.68962;1
10050;0;Via Circonvallazione di Ponente, 213;MORRONE PAOLO;6337131004;49;58111;VELLETRI;-;58;RM;ROMA;120;LAZIO;01/01/2005;-;Ordinaria;1;41.66318;12.76837;1
10051;0;Viale San Nilo, 77-81;SAN NILO DR.SSA ANNA RITA MACCHIAGODENA;6585821009;46;58046;GROTTAFERRATA;-;58;RM;ROMA;120;LAZIO;01/01/2005;-;Ordinaria;1;41.78903;12.66619;1
10052;0;Via Filippo Turati, 9;COMUNALE 2 VELLETRI;-;49;58111;VELLETRI;-;58;RM;ROMA;120;LAZIO;01/01/2005;-;Ordinaria;1;41.69009;12.78873;1
10053;0;Via Fratelli Wright, 39 C/D;RIPOLI ROBERTO;2458330780;43;58118;CIAMPINO;-;58;RM;ROMA;120;LAZIO;01/01/2005;-;Ordinaria;1;41.79433;12.61516;1
10054;0;Via Col di Lana, 152;SENESI ALFREDO;5641841001;43;58118;CIAMPINO;-;58;RM;ROMA;120;LAZIO;01/01/2005;30/06/2007;Ordinaria;1;41.79433;12.61516;1
10055;0;Via Scipione Borghese, 31;LE VELE DI CARRADORI PAOLA;2060580590;48;58072;NETTUNO;-;58;RM;ROMA;120;LAZIO;01/01/2005;30/09/2007;Ordinaria;1;41.45853;12.67975;1
10056;0;Via Vittorio Emanuele, 45;MINELLI DAVID;1994180568;1010;56037;MONTE ROMANO;-;56;VT;VITERBO;120;LAZIO;01/04/2010;31/08/2010;Ordinaria;1;42.32542;11.90483;1
10057;0;Via Giuseppe Garibaldi, 52;BARBAGLI CARLO FELICE;615010568;1028;56042;ORTE;ORTE SCALO;56;VT;VITERBO;120;LAZIO;01/03/2013;-;Ordinaria;1;42.46115;12.38612;1
10058;0;Corso Umberto I, 33;S.BARTOLOMEO DELLA DR.SSA STEFANIA CITTADONI;4510566;1037;56045;RONCIGLIONE;-;56;VT;VITERBO;120;LAZIO;01/01/2005;31/03/2010;Ordinaria;1;42.29132;12.2161;1
10060;0;Viale Fiume, 6;BLASI LUIGIA;88980560;1100;56059;VITERBO;BAGNAIA;56;VT;VITERBO;120;LAZIO;01/01/2005;-;Ordinaria;1;42.42797;12.13434;1
10061;0;Via Roma, 16;BIANCHI MARIA RITA;748300563;1010;56043;PIANSANO;-;56;VT;VITERBO;120;LAZIO;01/01/2005;-;Ordinaria;1;42.52052;11.82913;1
10062;0;Piazza Cavour, 12;BIGIOTTI MARCO;341830560;1018;56053;VALENTANO;-;56;VT;VITERBO;120;LAZIO;01/01/2005;-;Ordinaria;1;42.56887;11.81814;1
10063;0;Largo Africa, 14;ROSSI DI DANIELA ROSSI;1248330563;1100;56059;VITERBO;-;56;VT;VITERBO;120;LAZIO;01/03/2013;-;Ordinaria;1;42.4165;12.10394;1
10064;0;Corso Italia, 37;CARLINI KATIA;46870564;1100;56059;VITERBO;-;56;VT;VITERBO;120;LAZIO;01/01/2005;31/03/2010;Ordinaria;1;42.41909;12.10685;1
10065;0;Via Principe Amedeo, 126;CASALI EDOARDO;594830564;1010;56026;FARNESE;-;56;VT;VITERBO;120;LAZIO;01/01/2005;-;Ordinaria;1;42.55027;11.72234;1
10066;0;Via San Filippo, 8;CASSINI RENZO;1327290563;1030;56016;CARBOGNANO;-;56;VT;VITERBO;120;LAZIO;01/01/2005;28/02/2013;Ordinaria;1;42.32434;12.28252;1
10067;0;Via Guglielmo Marconi, 6;CATOCCI SNC;2120390568;1021;56001;ACQUAPENDENTE;-;56;VT;VITERBO;120;LAZIO;01/01/2005;-;Ordinaria;1;42.76295;11.88764;1
10068;0;Via Caporossi, 15;CERULLI SNC DEI DOTTORI MARIA CONSUELO E ALBERTO CERULLI;1908370560;1010;56031;ISCHIA DI CASTRO;-;56;VT;VITERBO;120;LAZIO;01/04/2010;-;Ordinaria;1;42.53161;11.66608;1
10069;0;Piazza del Popolo, 15;COMUNALE ORTE;88570569;1028;56042;ORTE;-;56;VT;VITERBO;120;LAZIO;01/01/2005;-;Ordinaria;1;42.44527;12.39293;1
10070;0;Via Porsenna snc;FRANCIGENA SRL - COMUNALE S.BARBARA;211940564;1100;56059;VITERBO;-;56;VT;VITERBO;120;LAZIO;01/01/2005;31/08/2010;Ordinaria;1;42.42068;12.10767;1
10071;0;L.go Tronsarelli, 41;CONTI ELDA;30920565;1035;56027;GALLESE;-;56;VT;VITERBO;120;LAZIO;01/01/2005;31/03/2010;Ordinaria;1;42.37786;12.40451;1
10072;0;Via Indipendenza, 15;D'ERME ALESSANDRO;10303871007;1010;56028;GRADOLI;-;56;VT;VITERBO;120;LAZIO;01/10/2012;-;Ordinaria;1;42.62009;11.88099;1
10073;0;Via Padre Luigi Maria Monti, 7 - 13;MORERA;1974050567;1012;56014;CAPRANICA;-;56;VT;VITERBO;120;LAZIO;01/01/2011;28/02/2013;Ordinaria;1;42.26152;12.15541;1
10074;0;Via Di Corte, 3-5;FILIZZOLA SNC;596350561;1033;56021;CIVITA CASTELLANA;-;56;VT;VITERBO;120;LAZIO;01/01/2005;-;Ordinaria;1;42.30207;12.43846;1
10075;0;Via Castel Vetulonia, 20;FILOSCIA LORENA;789870565;1100;56059;VITERBO;-;56;VT;VITERBO;120;LAZIO;01/01/2005;-;Ordinaria;1;42.41054;12.09979;1
10076;0;Via Cairoli, 14;NUOVA - DR.SSA FORTINI;-;1100;56059;VITERBO;-;56;VT;VITERBO;120;LAZIO;01/01/2005;31/12/2007;Ordinaria;1;42.41964;12.10428;1
10077;0;Piazza B. Buozzi, 6;FRANCESCHINI VEZIO LEONIL;269360566;1020;56009;BOMARZO;-;56;VT;VITERBO;120;LAZIO;01/01/2005;-;Ordinaria;1;42.50497;12.25064;1
10078;0;Via Vittorio Veneto, 4;FRATERNALE GILBERTO;251990560;1025;56030;GROTTE DI CASTRO;-;56;VT;VITERBO;120;LAZIO;01/01/2005;-;Ordinaria;1;42.67453;11.87225;1
10079;0;Via Garibaldi , 1;GALIANO SNC DI PALMUCCI ALESSANDRO E PALMUCCI FRANCESCO;1882730565;1100;56059;VITERBO;-;56;VT;VITERBO;120;LAZIO;01/04/2015;-;Ordinaria;1;42.4165;12.10394;1
10080;0;Viale Trieste, 36/A;GIACCI FEDERICO;72080567;1100;56059;VITERBO;-;56;VT;VITERBO;120;LAZIO;01/01/2005;-;Ordinaria;1;42.42338;12.10725;1
10082;0;Via F. Nicolai, 141;LANDI MASCAGNA SNC;2010746056;1032;56015;CAPRAROLA;-;56;VT;VITERBO;120;LAZIO;01/01/2005;-;Ordinaria;1;42.33013;12.20604;1
10083;0;Piazza Della Repubblica, 49/50;LOCCATELLI GIULIO;1223180561;1030;56055;VASANELLO;-;56;VT;VITERBO;120;LAZIO;01/01/2005;-;Ordinaria;1;42.41727;12.34669;1
10084;0;Via Giuseppe Garibaldi, 30;LUCIANI GIUSEPPE;90540568;1011;56012;CANINO;-;56;VT;VITERBO;120;LAZIO;01/01/2005;-;Ordinaria;1;42.44464;11.69476;1
10085;0;Via Roma, 2/d;LUPI SNC;1802970564;1039;56058;VIGNANELLO;-;56;VT;VITERBO;120;LAZIO;01/01/2005;-;Ordinaria;1;42.38284;12.30176;1
10086;0;Via Guglielmo Marconi, 70;MARENGHI PIETRO;592710560;1010;56013;CAPODIMONTE;-;56;VT;VITERBO;120;LAZIO;01/01/2005;-;Ordinaria;1;42.55695;11.88964;1
10087;0;Via Giuseppe Mazzini, 3;MASTRODICASA RICCARDO;608100566;1030;56006;BASSANO IN TEVERINA;-;56;VT;VITERBO;120;LAZIO;01/03/2013;-;Ordinaria;1;42.46357;12.30582;1
10088;0;Via Stazione, 5;MAURI MAURA & C. snc;88980560;1026;56059;VITERBO;GROTTE SANTO STEFANO;56;VT;VITERBO;120;LAZIO;01/01/2005;-;Ordinaria;1;42.4165;12.10394;1
10089;0;Via Caduti sul Lavoro, 39;LA PARADISA DEL DOTT. E. MECUCCI SNC;1972470569;1032;56015;CAPRAROLA;-;56;VT;VITERBO;120;LAZIO;01/03/2010;-;Ordinaria;1;42.32177;12.23322;1
10090;0;Viale Quattro Novembre, 19;POSATI GIOVANNA;1739280566;1010;56004;BARBARANO ROMANO;-;56;VT;VITERBO;120;LAZIO;01/01/2005;-;Ordinaria;1;42.24983;12.07531;1
10091;0;Via F. Petrarca snc;COMUNALE N. 1 CIVITA CASTELLANA;65540569;1033;56021;CIVITA CASTELLANA;-;56;VT;VITERBO;120;LAZIO;01/03/2013;-;Ordinaria;1;42.30207;12.43846;1
10092;0;Via V. Ferretti, 95;COMUNALE N.2 CIVITA CASTELLANA;306041005;1033;56021;CIVITA CASTELLANA;-;56;VT;VITERBO;120;LAZIO;01/01/2005;-;Ordinaria;1;42.30207;12.43846;1
10093;0;Via Igea;COMUNALE N.1 TARQUINIA;834550527;1016;56050;TARQUINIA;-;56;VT;VITERBO;120;LAZIO;01/01/2005;30/06/2007;Ordinaria;1;42.25761;11.76566;1
10094;0;Via A. Moro;MUNICIPALIZZATA N.2 TARQUINIA;-;1016;56050;TARQUINIA;-;56;VT;VITERBO;120;LAZIO;01/03/2013;-;Ordinaria;1;42.25761;11.76566;1
10095;0;Via E. Monaci, 96;MUSCOLINO DARIO E C. SAS;2116250560;1038;56048;SORIANO NEL CIMINO;-;56;VT;VITERBO;120;LAZIO;01/01/2005;-;Ordinaria;1;42.43916;12.24471;1
10096;0;Piazza Umberto I, 19;BRUNI ALESSANDRA;1727210567;1010;56051;TESSENNANO;-;56;VT;VITERBO;120;LAZIO;01/01/2005;-;Ordinaria;1;42.46319;11.78429;1
10097;0;Piazza Savoia, snc;PALAGGI GIUSEPPE;337920565;1010;56046;VILLA SAN GIOVANNI IN TUSCIA;-;56;VT;VITERBO;120;LAZIO;01/01/2005;-;Ordinaria;1;42.28255;12.04482;1
10098;0;Via G. Marconi, 1;PERINELLI ROMEO;609770565;1020;56033;LUBRIANO;-;56;VT;VITERBO;120;LAZIO;01/01/2005;-;Ordinaria;1;42.64665;12.11076;1
10099;0;Via Roma, 51;PESCE SERGIO;213860562;1030;56038;MONTEROSI;-;56;VT;VITERBO;120;LAZIO;01/01/2005;-;Ordinaria;1;42.19582;12.30847;1
10100;0;Via A. Manzoni, 15/F;RICCI MARI DI LOREDANA MARI;2115790566;1030;56060;VITORCHIANO;-;56;VT;VITERBO;120;LAZIO;01/01/2005;-;Ordinaria;1;42.47132;12.17831;1
10101;0;Corso Taurelli Salimbeni, 1/2;ANTICA FARMACIA SACCARELLI SAS DEL DOTT. F. CATOCCI E C.;2123020568;1021;56001;ACQUAPENDENTE;-;56;VT;VITERBO;120;LAZIO;01/01/2005;-;Ordinaria;1;42.76295;11.88764;1
10102;0;Piazza Cardinal M. Dolci, 21;OMNIAFARMA SNC;11838791009;1020;56022;CIVITELLA D'AGLIANO;-;56;VT;VITERBO;120;LAZIO;01/01/2005;-;Ordinaria;1;42.60562;12.18815;1
10103;0;Via Zepponami, 265/a;TERRACINA CARLA;271130569;1020;56036;MONTEFIASCONE;ZEPPONAMI;56;VT;VITERBO;120;LAZIO;01/01/2005;-;Ordinaria;1;42.52899;12.04691;1
10104;0;Via Minciotti, 35;TERRACINA MARIA VITTORIA;90050568;1100;56059;VITERBO;-;56;VT;VITERBO;120;LAZIO;01/01/2005;-;Ordinaria;1;42.42235;12.09787;1
10105;0;Piazza della Repubblica;TESI SILVIA;611670563;1020;56019;CELLENO;-;56;VT;VITERBO;120;LAZIO;01/01/2005;-;Ordinaria;1;42.56108;12.12671;1
10106;0;Piazza dei Caduti, 18;SONNO FRANCESCA;24070567;1030;56011;CANEPINA;-;56;VT;VITERBO;120;LAZIO;01/03/2013;-;Ordinaria;1;42.37954;12.21763;1
10107;0;Via Dei Tigli, 25;MAZZONI VIRGINIA;1767100561;1010;56035;MONTALTO DI CASTRO;PESCIA ROMANA;56;VT;VITERBO;120;LAZIO;01/01/2005;28/02/2013;Ordinaria;1;42.39846;11.4944;1
10108;0;Piazza del Comune, 34;graziadei;67965384;1015;56049;SUTRI;-;56;VT;VITERBO;120;LAZIO;01/04/2015;-;Ordinaria;1;42.22645;12.24527;1
10109;0;Piazza Armando Diaz, 14;POLIDORI AGNESE;382300564;1030;56054;VALLERANO;-;56;VT;VITERBO;120;LAZIO;01/01/2005;-;Ordinaria;1;42.37051;12.25838;1
10110;0;Via S. Giuliano, snc;LUPO CARMELA;1355340561;1030;56025;FALERIA;-;56;VT;VITERBO;120;LAZIO;01/03/2013;-;Ordinaria;1;42.22684;12.44306;1
10111;0;Via Vittorio Emanuele, 128;SEGUINO SEBASTIANO;1383130562;1010;56002;ARLENA DI CASTRO;-;56;VT;VITERBO;120;LAZIO;01/01/2005;-;Ordinaria;1;42.4585;11.816;1
10112;0;C.so Cavour, 21;BRAGUTI FRANCESCO E ANNA SNC;1395070566;1027;56036;MONTEFIASCONE;-;56;VT;VITERBO;120;LAZIO;01/01/2005;28/02/2013;Ordinaria;1;42.5406;12.01989;1
10113;0;Corso Vittorio Emanuele, 33-37;FARMACIA DEL CORSO DI VERNIER O. & C. SNC;1409120563;1016;56050;TARQUINIA;-;56;VT;VITERBO;120;LAZIO;01/01/2008;30/04/2012;Ordinaria;1;42.25419;11.75779;1
10114;0;Via Leonardo da Vinci, 5;MENGHI STEFANIA;4543921003;1030;56005;BASSANO ROMANO;-;56;VT;VITERBO;120;LAZIO;01/01/2005;31/03/2010;Ordinaria;1;42.20624;12.17416;1
10115;0;Via Cassia, 38/a;ZONGHI F. & CERRI D. SNC;1733550568;1013;56057;VETRALLA;CURA;56;VT;VITERBO;120;LAZIO;01/01/2005;-;Ordinaria;1;42.3373;12.05754;1
10116;0;Piazza Europa, 3;MENICHELLI GIUSEPPE;1435280563;1020;56047;SAN LORENZO NUOVO;-;56;VT;VITERBO;120;LAZIO;01/03/2013;-;Ordinaria;1;42.68673;11.90665;1
10117;0;Piazza Risorgimento;BASSANELLI DARIA;1461500561;1030;56010;CALCATA;-;56;VT;VITERBO;120;LAZIO;01/01/2005;-;Ordinaria;1;42.20603;12.42491;1
10118;0;Via Aurelia, 30;BORBOTTI GIUSEPPINA E PAOLA SNC;1439020569;1014;56035;MONTALTO DI CASTRO;-;56;VT;VITERBO;120;LAZIO;01/01/2005;-;Ordinaria;1;42.39535;11.52385;1
10119;0;Via Carlo Cattaneo, 30/D;PETROSELLI MARIA TERESA;1733690562;1100;56059;VITERBO;-;56;VT;VITERBO;120;LAZIO;01/01/2005;31/03/2010;Ordinaria;1;42.41275;12.1172;1
10120;0;Via Roma, 109;PALOMBI MARIA FORTUNATA;-;1010;56007;BLERA;-;56;VT;VITERBO;120;LAZIO;01/04/2010;-;Ordinaria;1;42.2324;11.99974;1
10121;0;Via Marconi, 13;MARINI;1821540562;1010;56020;CELLERE;-;56;VT;VITERBO;120;LAZIO;01/01/2005;31/12/2007;Ordinaria;1;42.51042;11.77165;1
10122;0;Piazza Trento e Trieste, 8;BIGIOTTI FRANCESCO E ANDREA SNC;1513270569;1022;56003;BAGNOREGIO;-;56;VT;VITERBO;120;LAZIO;01/01/2005;-;Ordinaria;1;42.62903;12.08836;1
10123;0;Via Tuscania, 4/a;DE BLASIO LIVIA;839880564;1010;56034;MARTA;-;56;VT;VITERBO;120;LAZIO;01/01/2005;-;Ordinaria;1;42.52672;11.92795;1
10124;0;Via della Palazzina, 195/199;RICCARDI SNC;1521780567;1100;56059;VITERBO;-;56;VT;VITERBO;120;LAZIO;01/03/2013;-;Ordinaria;1;42.42415;12.1016;1
10125;0;Piazza Italia, 11;VENTURA ANNA;1532670567;1017;56052;TUSCANIA;-;56;VT;VITERBO;120;LAZIO;01/01/2005;-;Ordinaria;1;42.3935;11.82882;1
10126;0;Piazza Umberto I, 4;COZZOLINO NUNZIA;1544420563;1010;56040;ONANO;-;56;VT;VITERBO;120;LAZIO;01/01/2005;-;Ordinaria;1;42.69143;11.81625;1
10127;0;Via Roma, snc;LIBERATI GRAZIA;1555600566;1034;56024;FABRICA DI ROMA;-;56;VT;VITERBO;120;LAZIO;01/01/2005;30/09/2014;Ordinaria;1;42.32641;12.32616;1
10128;0;Via Orvietana, 5;VEZZOSI MASSIMO;1388810564;1024;56018;CASTIGLIONE IN TEVERINA;-;56;VT;VITERBO;120;LAZIO;01/01/2005;28/02/2013;Ordinaria;1;42.64652;12.20392;1
10129;0;Via Roma, 19;NEPI DI SINI GIANLUCA E C. SNC;1558780563;1036;56039;NEPI;-;56;VT;VITERBO;120;LAZIO;01/01/2005;-;Ordinaria;1;42.24864;12.36552;1
10130;0;Via Civita Castellana, 11/13;MINELLI CLOTILDE & C. SNC;1565610563;1030;56023;CORCHIANO;-;56;VT;VITERBO;120;LAZIO;01/01/2005;28/02/2013;Ordinaria;1;42.35457;12.36299;1
10131;0;Corso Umberto I, 6;D'ALESSIO MARIA & C. SNC;1582690564;1037;56045;RONCIGLIONE;-;56;VT;VITERBO;120;LAZIO;01/01/2005;31/12/2007;Ordinaria;1;42.29059;12.21618;1
10132;0;Piazza M. Buratti, 2/3;SAN MARTINO DI NATALINI P;1545620567;1030;56059;VITERBO;S. MARTINO AL CIMINO;56;VT;VITERBO;120;LAZIO;01/01/2005;-;Ordinaria;1;42.4165;12.10394;1
10133;0;Via Tarquinia, 53;Saliola Bucelli Marco;1621860566;1017;56052;TUSCANIA;-;56;VT;VITERBO;120;LAZIO;01/01/2005;-;Ordinaria;1;42.41618;11.85601;1
10134;0;Piazza Vittorio Emanuele, 3;BIANCHI SNC;1642550568;1027;56036;MONTEFIASCONE;-;56;VT;VITERBO;120;LAZIO;01/01/2005;28/02/2013;Ordinaria;1;42.54939;12.03101;1
10135;0;Viale I^ Maggio;Giambra Gianluigi;1650670563;1010;56032;LATERA;-;56;VT;VITERBO;120;LAZIO;01/01/2005;31/03/2010;Ordinaria;1;42.62903;11.82745;1
10136;0;Via Claudia, 109;RICCI RAFFAELLA;1690050560;1010;56041;ORIOLO ROMANO;-;56;VT;VITERBO;120;LAZIO;01/09/2010;-;Ordinaria;1;42.17433;12.12952;1
10137;0;Via delle Sirene, 20;GRECO TOMMASO;3710720651;1016;56050;TARQUINIA;TARQUINIA LIDO;56;VT;VITERBO;120;LAZIO;01/01/2005;31/12/2014;Ordinaria;1;42.22405;11.70576;1
10138;0;Piazza del Comune, 10;CIUCCI MARINA;1736590561;1020;56029;GRAFFIGNANO;-;56;VT;VITERBO;120;LAZIO;01/04/2010;-;Ordinaria;1;42.56116;12.22909;1
10139;0;Via Umberto I, 53;MODICA DI ANNA GAI;1786790566;1010;56056;VEJANO;-;56;VT;VITERBO;120;LAZIO;01/01/2008;-;Ordinaria;1;42.21841;12.09451;1
10140;0;Via Cassia, 106;VETRALLA DI FANELLI ANNA RITA E C. SNC;1697230561;1019;56057;VETRALLA;-;56;VT;VITERBO;120;LAZIO;01/01/2005;28/02/2013;Ordinaria;1;42.3373;12.05754;1
10141;0;Piazza Umberto I, 28;COMUNALE SIPICCIANO;187570569;1020;56029;GRAFFIGNANO;SIPICCIANO;56;VT;VITERBO;120;LAZIO;01/01/2005;-;Ordinaria;1;42.54798;12.23342;1
10142;0;Piazza Vittorio Emanuele, 22;BELATI  ZAGOREO;1854860564;1038;56048;SORIANO NEL CIMINO;-;56;VT;VITERBO;120;LAZIO;01/04/2010;-;Ordinaria;1;42.43916;12.24471;1
10143;0;Via Gramsci, 38;LANZI SNC DI FABRIZIO E FABIO LANZI;2079520561;1023;56008;BOLSENA;-;56;VT;VITERBO;120;LAZIO;01/07/2012;-;Ordinaria;1;42.63537;11.97688;1
10144;0;Via Roma, 14;RUPES SNC DELLE DR.SSE A.M. COCCIA E I STEFANI;-;1030;56017;CASTEL SANT'ELIA;-;56;VT;VITERBO;120;LAZIO;01/01/2005;31/03/2010;Ordinaria;1;42.24864;12.36552;1
10145;0;VIA A. DE GASPERI;FARMACAPRANICA;1658140569;1012;56014;CAPRANICA;CAPRANICA SCALO;56;VT;VITERBO;120;LAZIO;01/01/2005;28/02/2013;Ordinaria;1;42.26152;12.15541;1
10146;0;P.za G. Mosca, 13;COMUNALE MONTECUCCO;5903241007;148;58091;ROMA;-;58;RM;ROMA;120;LAZIO;01/09/2007;28/02/2013;Ordinaria;1;41.92368;12.57115;1
10147;0;Via Petralia Sottana, 55;COMUNALE GRIMALDI;7293750589;132;58091;ROMA;-;58;RM;ROMA;120;LAZIO;01/01/2005;30/04/2007;Ordinaria;1;41.92368;12.57115;1
10148;0;Via Umberto I, 18;CESTARI DEL DR. GABRIELE CESTARI & C. SNC;9340571;2037;57054;POGGIO MOIANO;-;57;RI;RIETI;120;LAZIO;01/01/2005;30/06/2007;Ordinaria;1;42.20263;12.87938;1
10149;0;Via Mazzini, 29;INCANDELA DEL DR. PIERLUIGI BOCCANERA;978880573;2014;57009;CANTALICE;-;57;RI;RIETI;120;LAZIO;01/01/2005;-;Ordinaria;1;42.48074;12.9254;1
10150;0;Piazza Guglielmo Marconi, 24;MANCA DI MANCA GIOVANNA E C. SAS;1056300575;2100;57059;RIETI;-;57;RI;RIETI;120;LAZIO;01/01/2011;-;Ordinaria;1;42.40704;12.85139;1
10151;0;Via del Terminillo, 51/B;SALARIA Bernardinetti Luca;933740573;2100;57059;RIETI;-;57;RI;RIETI;120;LAZIO;01/01/2005;28/02/2013;Ordinaria;1;42.41021;12.88385;1
10152;0;Via del Castello, 2;NOBILI;-;2026;57062;ROCCA SINIBALDA;-;57;RI;RIETI;120;LAZIO;01/01/2005;31/08/2010;Ordinaria;1;42.26254;12.94853;1
10153;0;Viale Matteucci, 60;A.S.M. 1;-;2100;57059;RIETI;-;57;RI;RIETI;120;LAZIO;01/01/2005;-;Ordinaria;1;42.40704;12.85139;1
10154;0;Localita' Campigliano;BLASI ALBERTO;139550578;2010;57060;RIVODUTRI;Campigliano;57;RI;RIETI;120;LAZIO;01/01/2005;-;Ordinaria;1;42.52199;12.86739;1
10155;0;Via della Repubblica, 51;BUZZI ROMOLO;139800577;2043;57025;CONTIGLIANO;-;57;RI;RIETI;120;LAZIO;01/01/2005;-;Ordinaria;1;42.41951;12.76222;1
10156;0;Piazza Martiri IV Aprile, 1;GIORGI EMANUELA;558270575;2010;57006;BORBONA;-;57;RI;RIETI;120;LAZIO;01/01/2008;-;Ordinaria;1;42.49434;13.13576;1
10157;0;Via A. de Gasperi, snc;SELVI SAS DEL DR. PAOLO SELVI & C.;65020570;2100;57059;RIETI;-;57;RI;RIETI;120;LAZIO;01/03/2013;-;Ordinaria;1;42.40704;12.85139;1
10158;0;Via Rieti snc;S. MARIA;47240577;2017;57059;RIETI;MONTE TERMINILLO;57;RI;RIETI;120;LAZIO;01/01/2005;28/02/2013;Ordinaria;1;42.40704;12.85139;1
10159;0;Piazza Emo Battisti, 16;MARIANTONI M. RUGGERA;642080576;2018;57051;POGGIO BUSTONE;-;57;RI;RIETI;120;LAZIO;01/01/2005;-;Ordinaria;1;42.50501;12.89032;1
10160;0;Piazza A. Diaz, 6;PUZELLI GIUSEPPE;710990573;2010;57022;COLLI SUL VELINO;-;57;RI;RIETI;120;LAZIO;01/01/2005;-;Ordinaria;1;42.49823;12.77867;1
10161;0;Piazza XXIII Settembre, 8;RUGGIERI ELENA;713430577;2100;57059;RIETI;-;57;RI;RIETI;120;LAZIO;01/01/2005;-;Ordinaria;1;42.40704;12.85139;1
10162;0;Localit Moletta;DE ROSSI S.R.L;727310575;2040;57043;MONTE SAN GIOVANNI IN SABINA;Madonna dello Spineto;57;RI;RIETI;120;LAZIO;01/10/2010;-;Ordinaria;1;42.31686;12.77557;1
10163;0;Piazza Angelucci;A.S.M. 2;-;2100;57059;RIETI;-;57;RI;RIETI;120;LAZIO;01/01/2005;-;Ordinaria;1;42.40451;12.85673;1
10164;0;Via Martin Luter King, snc;SCIUBBA BELISARIO;749600573;2010;57008;BORGO VELINO;-;57;RI;RIETI;120;LAZIO;01/01/2005;-;Ordinaria;1;42.40338;13.05633;1
10165;0;Via della Chiesa Nuova;FRANCESCANGELI LAMBERTO;-;2020;57034;LONGONE SABINO;Roccaranieri;57;RI;RIETI;120;LAZIO;01/01/2005;31/08/2010;Ordinaria;1;42.30463;12.94996;1
10166;0;Via Mirtense, 36;RINCICOTTI TERZILIA;760030577;2030;57030;FRASSO SABINO;-;57;RI;RIETI;120;LAZIO;01/01/2005;-;Ordinaria;1;42.22402;12.8152;1
10167;0;Viale Maraini, 65;COLANGELI SAS DELLA DR.SSA FRANCESCA COLANGELI & C.;786040576;2100;57059;RIETI;-;57;RI;RIETI;120;LAZIO;01/03/2013;-;Ordinaria;1;42.4119;12.8566;1
10168;0;Via Salaria per Roma, 2/a;VACCAREZZA BRUNA;787830579;2100;57059;RIETI;-;57;RI;RIETI;120;LAZIO;01/01/2005;-;Ordinaria;1;42.40883;12.91664;1
10169;0;Largo Armando Diaz, 2;PETRUCCI MASSIMILIANO;791110570;2011;57001;ACCUMOLI;-;57;RI;RIETI;120;LAZIO;01/10/2010;-;Ordinaria;1;42.6958;13.24425;1
10170;0;Piazza Garibaldi, 1;FARINATO RITA MARIA;799680574;2035;57047;ORVINIO;-;57;RI;RIETI;120;LAZIO;01/10/2010;28/02/2013;Ordinaria;1;42.13149;12.93836;1
10171;0;Corso Umberto, 75;CICCONETTI SNC;801340571;2012;57002;AMATRICE;-;57;RI;RIETI;120;LAZIO;01/01/2005;-;Ordinaria;1;42.62665;13.29508;1
10172;0;Via IV Novembre, 7;COLAPIETRO LUCA;801020579;2022;57018;COLLALTO SABINO;-;57;RI;RIETI;120;LAZIO;01/01/2005;-;Ordinaria;1;42.13535;13.04783;1
10173;0;Via Roma, 1;CILEA LAURA;808920573;2030;57055;POGGIO NATIVO;-;57;RI;RIETI;120;LAZIO;01/03/2013;-;Ordinaria;1;42.21379;12.78806;1
10174;0;Via Limiti Sud, 7;FABI EMILIANO;-;2045;57031;GRECCIO;LIMITI DI GRECCIO;57;RI;RIETI;120;LAZIO;01/01/2005;31/08/2010;Ordinaria;1;42.452;12.77047;1
10175;0;P.zza del Popolo, 27;S.ANNA DI MARINI ELENA E TOMASSINI TIZIANA SNC;812580579;2013;57003;ANTRODOCO;-;57;RI;RIETI;120;LAZIO;01/01/2005;30/09/2010;Ordinaria;1;42.40018;13.12546;1
10176;0;Viale Morroni, 26/28;S. AGOSTINO DI SCOPIGNO MARCO;1041810571;2100;57059;RIETI;-;57;RI;RIETI;120;LAZIO;01/09/2010;30/04/2013;Ordinaria;1;42.40505;12.86617;1
10177;0;Via S. Maria, 3;DI MODUGNO CLAUDIO;828580571;2030;57069;TORRICELLA IN SABINA;-;57;RI;RIETI;120;LAZIO;01/09/2010;30/06/2012;Ordinaria;1;42.27484;12.87072;1
10178;0;Via Roma, 13;PETRINI DEI DOTTORI L.G. E G.D. PETRINI SNC;36450575;2100;57059;RIETI;-;57;RI;RIETI;120;LAZIO;01/01/2005;-;Ordinaria;1;42.40039;12.86095;1
10179;0;Via Porta Romana;PIVA UMBERTO;843850579;2020;57071;TURANIA;-;57;RI;RIETI;120;LAZIO;01/01/2005;28/02/2015;Ordinaria;1;42.13803;13.00929;1
10180;0;Via Turanense, 104;CARAMAGNO CORRADO;865460570;2020;57013;CASTEL DI TORA;-;57;RI;RIETI;120;LAZIO;01/01/2005;-;Ordinaria;1;42.2104;12.9711;1
10181;0;Via Nazionale, 20;SANT'ANGELO;891550576;2010;57015;CASTEL SANT'ANGELO;CANETRA;57;RI;RIETI;120;LAZIO;01/01/2005;-;Ordinaria;1;42.39944;13.01906;1
10182;0;Via L. Mummio, 9;BORGACCI ILARIA;948920574;2033;57041;MONTELEONE SABINO;-;57;RI;RIETI;120;LAZIO;01/01/2005;-;Ordinaria;1;42.2263;12.87008;1
10183;0;L.go Augusto Filippi, 1;FARMACIA EREDE DOTT.SSA GUIDI GIOVANNA DI TOMMASI CAROLINA;1095760573;2030;57011;CASAPROTA;-;57;RI;RIETI;120;LAZIO;01/10/2010;-;Ordinaria;1;42.24928;12.80884;1
10184;0;Via Roma, 119;D'ONOFRIO PAOLA;-;2020;57046;NESPOLO;-;57;RI;RIETI;120;LAZIO;01/01/2005;31/12/2007;Ordinaria;1;42.15637;13.07275;1
10185;0;Loc. Madonna della Luce, 3;BLASI MARCO;917110579;2010;57032;LABRO;Madonna della Luce, 3;57;RI;RIETI;120;LAZIO;01/10/2010;-;Ordinaria;1;42.5206;12.79878;1
10186;0;Via Roma, 31-33;MAURO MASSIMILIANO;1421460435;2012;57002;AMATRICE;-;57;RI;RIETI;120;LAZIO;01/10/2010;-;Ordinaria;1;42.62665;13.29508;1
10187;0;Via Pallottini, 7/a;DI GERONIMO CARMELO;916350572;2010;57017;CITTAREALE;Pallottini, 7/a;57;RI;RIETI;120;LAZIO;01/10/2010;28/02/2013;Ordinaria;1;42.59116;13.16275;1
10188;0;Piazza degli eroi, 10;L'ABBATE DR. GIOVANNI;1063880577;2019;57057;POSTA;-;57;RI;RIETI;120;LAZIO;01/10/2010;-;Ordinaria;1;42.51808;13.08189;1
10189;0;Via Roma, 18;CARLINI CITONE SNC;938950573;2038;57064;SCANDRIGLIA;-;57;RI;RIETI;120;LAZIO;01/03/2013;-;Ordinaria;1;42.15686;12.85975;1
10190;0;Piazza del Popolo, 10/A;DOMENICI DI DOMENICI FRANCESCA;941250573;2015;57016;CITTADUCALE;-;57;RI;RIETI;120;LAZIO;01/03/2013;-;Ordinaria;1;42.3865;12.94832;1
10191;0;Corso S. Giuseppe, 121;GIAMPAOLI DEI DR.I PAOLO E MARIA CRISTINA SNC;941610578;2016;57033;LEONESSA;-;57;RI;RIETI;120;LAZIO;01/01/2008;-;Ordinaria;1;42.56906;13.00154;1
10192;0;Via Roma, 5;DE BELLA MARIA;1353140559;2040;57040;MONTEBUONO;-;57;RI;RIETI;120;LAZIO;01/09/2010;-;Ordinaria;1;42.37489;12.57573;1
10193;0;Piazza Garibaldi, 9;FIGLIUZZI ANNAMARIA;44530574;2046;57035;MAGLIANO SABINA;-;57;RI;RIETI;120;LAZIO;01/01/2005;31/03/2011;Ordinaria;1;42.36146;12.48113;1
10194;0;Via Cavour, 56;STAGNI ALESSANDRO;1035180577;2048;57066;STIMIGLIANO;-;57;RI;RIETI;120;LAZIO;01/09/2010;30/09/2010;Ordinaria;1;42.2971;12.56302;1
10195;0;Via Roma, 1/A;CRUCIANI SILVIO;711110577;2040;57065;SELCI;-;57;RI;RIETI;120;LAZIO;01/01/2005;-;Ordinaria;1;42.31073;12.62518;1
10196;0;Via Farense, 99;FARENSE SNC;-;2030;57027;FARA IN SABINA;COLTODINO;57;RI;RIETI;120;LAZIO;01/01/2005;30/09/2010;Ordinaria;1;42.20059;12.72061;1
10197;0;Via Forcella, 18;SANT'ANDREA;8970881002;2040;57026;COTTANELLO;-;57;RI;RIETI;120;LAZIO;01/01/2008;-;Ordinaria;1;42.40727;12.68729;1
10198;0;Via Roma,17/19;CONTI ARCANGELO;741130579;2031;57014;CASTELNUOVO DI FARFA;-;57;RI;RIETI;120;LAZIO;01/01/2005;-;Ordinaria;1;42.23432;12.73196;1
10199;0;Via S. Giuseppe, 12;LEPROUX SOFIA;746030576;2040;57061;ROCCANTICA;-;57;RI;RIETI;120;LAZIO;01/01/2005;-;Ordinaria;1;42.32076;12.6924;1
10200;0;Via della Fontana, 10;STRABBIOLI LUCIANA;754350577;2040;57067;TARANO;Borgonuovo;57;RI;RIETI;120;LAZIO;01/01/2005;-;Ordinaria;1;42.36359;12.63315;1
10201;0;Via Verdi, 30;PALLINI MARINA;1040760579;2040;57010;CANTALUPO IN SABINA;-;57;RI;RIETI;120;LAZIO;01/09/2009;30/09/2010;Ordinaria;1;42.30342;12.6426;1
10202;0;Piazza  V. Emanuele II, 4;DE POMPEIS OVIDIO;777570573;2042;57021;COLLEVECCHIO;-;57;RI;RIETI;120;LAZIO;01/01/2005;-;Ordinaria;1;42.32637;12.53303;1
10203;0;Piazza G.Verdi, 13;CEFRAESPO DELLE DR.SSE ESPOSITO ELISABETTA E FRAULINI NICOLINA SNC;828780577;2040;57063;SALISANO;-;57;RI;RIETI;120;LAZIO;01/10/2010;-;Ordinaria;1;42.27702;12.74468;1
10204;0;Via G. Marconi, 71/73;RIZZUTI FLAVIA;941100570;2041;57012;CASPERIA;-;57;RI;RIETI;120;LAZIO;01/01/2005;-;Ordinaria;1;42.33701;12.67006;1
10205;0;Via Enrico Fermi, 13;PASSO CORESE DEL DR. MARIO COVIELLO & C. SAS;1062720576;2032;57027;FARA IN SABINA;-;57;RI;RIETI;120;LAZIO;01/07/2011;-;Ordinaria;1;42.15797;12.65329;1
10206;0;Via G. Matteotti, 11;MIRTENSE DEL DR. IWAN DONATEO & C. SAS;854060571;2047;57053;POGGIO MIRTETO;-;57;RI;RIETI;120;LAZIO;01/04/2013;-;Ordinaria;1;42.26458;12.67292;1
10207;0;Via Borgo Nuovo, snc;F. COM. FARA IN SABINA;-;2030;57027;FARA IN SABINA;BORGO QUINZIO;57;RI;RIETI;120;LAZIO;01/01/2005;-;Ordinaria;1;42.1872;12.69824;1
10208;0;Via XII ottobre;SABINA;882110570;2034;57044;MONTOPOLI DI SABINA;-;57;RI;RIETI;120;LAZIO;01/01/2005;-;Ordinaria;1;42.22654;12.66837;1
10209;0;Via del Porto, 5;F.CIA COM. FORANO;-;2044;57029;FORANO;GAVIGNANO;57;RI;RIETI;120;LAZIO;01/01/2005;-;Ordinaria;1;42.28474;12.60647;1
10210;0;Corso Foronovo, 2;TORRI DEI DR.I PERUGINI ILARIA E CORTELLINI PIERLUIGI SNC;885530576;2049;57070;TORRI IN SABINA;-;57;RI;RIETI;120;LAZIO;01/04/2013;-;Ordinaria;1;42.36134;12.62891;1
10211;0;Piazza V.Emanuele, 9;PROVENZANO GABRIELLA CARMELA;703770578;2044;57029;FORANO;PROVENZANO;57;RI;RIETI;120;LAZIO;01/01/2005;-;Ordinaria;1;42.28474;12.60647;1
10212;0;Via Roma, 19;CORTELLINI DOTT. PIERLUIGI & C. SNC;1032140574;2040;57052;POGGIO CATINO;-;57;RI;RIETI;120;LAZIO;01/09/2010;-;Ordinaria;1;42.29435;12.68688;1
10213;0;Viale Marconi, 19;MELLINO MARIA ELENA;912950573;2039;57068;TOFFIA;-;57;RI;RIETI;120;LAZIO;01/01/2005;-;Ordinaria;1;42.20658;12.76023;1
10214;0;Via Dello Sport, 13;PERONDI;45250578;2021;57007;BORGOROSE;-;57;RI;RIETI;120;LAZIO;01/04/2013;-;Ordinaria;1;42.19336;13.26298;1
10215;0;Via Trento, 27;ROTILI GUIDO;-;2023;57028;FIAMIGNANO;S. AGAPITO;57;RI;RIETI;120;LAZIO;01/01/2005;30/09/2010;Ordinaria;1;42.30085;13.158;1
10216;0;Via Marsicana, 6;LUCCITTI VITTORIO;148600570;2024;57049;PESCOROCCHIANO;-;57;RI;RIETI;120;LAZIO;01/01/2005;-;Ordinaria;1;42.20876;13.14786;1
10217;0;Via della Dogana, 3;ROTILI GIOVANNI BATTISTA;632910576;2020;57023;CONCERVIANO;-;57;RI;RIETI;120;LAZIO;01/01/2005;31/03/2013;Ordinaria;1;42.32794;12.98787;1
10218;0;Via Valle del Salto, 35;DEL LAGO - CERIANI MARIA;915320576;2025;57050;PETRELLA SALTO;FIUMATA;57;RI;RIETI;120;LAZIO;01/01/2005;-;Ordinaria;1;42.30895;13.06426;1
10219;0;Via San Rocco, 11;FALCO ROSARIA;2284220619;2020;57036;MARCETELLI;-;57;RI;RIETI;120;LAZIO;01/01/2005;-;Ordinaria;1;42.21769;13.04406;1
10220;0;Via San Rocco;IMPARATO MARCELLO;7003651002;2025;57050;PETRELLA SALTO;-;57;RI;RIETI;120;LAZIO;01/10/2010;-;Ordinaria;1;42.30895;13.06426;1
10221;0;Via Sabaudia, 38;DEL CIRCEO;2377600594;4017;59025;SAN FELICE CIRCEO;-;59;LT;LATINA;120;LAZIO;01/10/2010;31/03/2015;Ordinaria;1;41.24442;13.08198;1
10222;0;Via Monastero, 1;FORTE MARIA PIA;936010594;4020;59008;FORMIA;MARANOLA DI FORMIA;59;LT;LATINA;120;LAZIO;01/01/2005;-;Ordinaria;1;41.28464;13.62809;1
10223;0;VIA XXVIII MAGGIO, 2;COMUNALE ROCCAGORGA;87890598;4010;59021;ROCCAGORGA;-;59;LT;LATINA;120;LAZIO;01/01/2005;30/09/2011;Ordinaria;1;41.52611;13.15554;1
10224;0;Via Consolare, 79;MOLLICONE ROCCO;37970597;4015;59019;PRIVERNO;-;59;LT;LATINA;120;LAZIO;01/01/2005;31/10/2012;Ordinaria;1;41.47348;13.18121;1
10225;0;Via Vitruvio;RUOSI MARIA FILOMENA;-;4023;59008;FORMIA;-;59;LT;LATINA;120;LAZIO;01/01/2005;31/08/2010;Ordinaria;1;41.25498;13.60432;1
10226;0;-;GAVEGLIA ANTONIO;122800592;4020;59026;SANTI COSMA E DAMIANO;-;59;LT;LATINA;120;LAZIO;01/09/2010;31/10/2012;Ordinaria;1;41.27993;13.8018;1
10227;0;Via Manuzio;FRANCHINI DORIANA;64040595;4013;59027;SERMONETA;-;59;LT;LATINA;120;LAZIO;01/01/2005;30/09/2012;Ordinaria;1;41.54166;12.96876;1
10228;0;Corso Appio Claudio, 66;GRIECO CARLO;1126580594;4022;59007;FONDI;-;59;LT;LATINA;120;LAZIO;01/10/2010;-;Ordinaria;1;41.35934;13.42612;1
10229;0;Corso Vittorio Emanuele III, 64;EREDI PARRAVANO ENZO;2733910596;4016;59024;SABAUDIA;-;59;LT;LATINA;120;LAZIO;01/01/2005;-;Ordinaria;1;41.34345;13.03046;1
10230;0;Via Buonomo, 24;PECORONE COSMO;55490593;4024;59009;GAETA;-;59;LT;LATINA;120;LAZIO;01/01/2005;31/03/2013;Ordinaria;1;41.21831;13.56281;1
10231;0;Lungomare Caboto, 556/568;GUALTIERI SNC DI MARIA TERESA GUALTIERI E C.;2639970595;4024;59009;GAETA;-;59;LT;LATINA;120;LAZIO;01/07/2012;-;Ordinaria;1;41.21831;13.56281;1
10232;0;Via  Giuseppe di Vittorio, 13;VILLANI DI VILLANI MARCELLO;8929351008;4010;59006;CORI;GIULIANELLO;59;LT;LATINA;120;LAZIO;01/04/2013;30/06/2015;Ordinaria;1;41.64682;12.90576;1
10233;0;Via Capograssa, 62;D'OTTAVI LILLA;2069480594;4010;59011;LATINA;B.GO SAN MICHELE;59;LT;LATINA;120;LAZIO;01/10/2010;30/09/2012;Ordinaria;1;41.43143;12.97952;1
10234;0;Piazza IV Ottobre, 7;PERSICHINI DI PERSICHINI MARIA TERESA E CLAUDIA SNC;17780511;4017;59025;SAN FELICE CIRCEO;B.GO MONETENERO;59;LT;LATINA;120;LAZIO;01/01/2005;31/08/2010;Ordinaria;1;41.2535;13.08567;1
10235;0;Corso Della Repubblica, 158;SAN ROCCO PARISELLA FILIPPO;2169090590;4012;59005;CISTERNA DI LATINA;-;59;LT;LATINA;120;LAZIO;01/01/2005;-;Ordinaria;1;41.59886;12.82043;1
10236;0;Via Pr. di Piemonte, 6;FORTE ANTONIETTA;122010598;4026;59014;MINTURNO;-;59;LT;LATINA;120;LAZIO;01/01/2005;30/04/2011;Ordinaria;1;41.26574;13.74436;1
10237;0;Via don Giovanni Minzoni, 106;NOBILI FERNANDO;-;4010;59006;CORI;-;59;LT;LATINA;120;LAZIO;01/01/2005;30/09/2010;Ordinaria;1;41.64682;12.90576;1
10238;0;Piazza Incoronazione, 21;CENTRALE;2330560596;4020;59010;ITRI;-;59;LT;LATINA;120;LAZIO;01/09/2010;-;Ordinaria;1;41.30471;13.52762;1
10239;0;Via C. Battisti;ZARDO GIOVANNI;2450340597;4010;59032;TERRACINA;B.GO HERMADA;59;LT;LATINA;120;LAZIO;01/05/2009;31/03/2013;Ordinaria;1;41.31583;13.19094;1
10240;0;Largo Vittorio Emanuele;CATALDI TASSONI BRUNO;89130595;4018;59028;SEZZE;-;59;LT;LATINA;120;LAZIO;01/01/2005;31/03/2013;Ordinaria;1;41.4895;13.0569;1
10241;0;Via Pontinia, 10/12;INTERDONATO FRANCESCA;102850591;4100;59011;LATINA;-;59;LT;LATINA;120;LAZIO;01/01/2005;-;Ordinaria;1;41.45404;12.90732;1
10242;0;Corso Giacomo Matteotti, 42;MUSILLI CORRADO;-;4100;59011;LATINA;-;59;LT;LATINA;120;LAZIO;01/01/2005;31/08/2010;Ordinaria;1;41.46941;12.90529;1
10243;0;Viale Europa, 135;TROVINI ANGELA;2145180598;4019;59032;TERRACINA;-;59;LT;LATINA;120;LAZIO;01/01/2005;-;Ordinaria;1;41.28615;13.22189;1
10244;0;Viale Marconi, 27;MARCONI SNC DI SASSI EVELINA E DEL PRETE LAURA;2746230594;4100;59011;LATINA;-;59;LT;LATINA;120;LAZIO;01/01/2005;-;Ordinaria;1;41.46226;12.90801;1
10245;0;Via Appia;COMUNALE FORMIA;2045910607;4023;59008;FORMIA;-;59;LT;LATINA;120;LAZIO;01/01/2005;-;Ordinaria;1;41.25928;13.55976;1
10246;0;Via Trieste, 15/17;FARMACIA SANT'ANNA Dr.ssa Piediferro;2293940595;4014;59017;PONTINIA;BORGO PASUBIO;59;LT;LATINA;120;LAZIO;01/07/2008;-;Ordinaria;1;41.40264;13.11198;1
10247;0;Via Sterpara, 71;GIAMMARCO DORA;-;4010;59011;LATINA;B.GO MONTELLO;59;LT;LATINA;120;LAZIO;01/01/2005;30/09/2009;Ordinaria;1;41.46635;12.87783;1
10248;0;Via dell`Agora, 30;AGORA' DEL DR. SALVAGNI SCIPIONE SNC;2140810595;4100;59011;LATINA;-;59;LT;LATINA;120;LAZIO;01/01/2008;-;Ordinaria;1;41.45387;12.90089;1
10249;0;Via Romagnoli, 34/36/38;CALABRESI ANNALISA;2764320590;4100;59011;LATINA;-;59;LT;LATINA;120;LAZIO;01/01/2005;-;Ordinaria;1;41.46635;12.87783;1
10250;0;Via Milano, 2;MORBELLA CARBONE;905840591;4100;59011;LATINA;-;59;LT;LATINA;120;LAZIO;01/01/2005;-;Ordinaria;1;41.49324;12.80077;1
10251;0;Piazza 25 Aprile;CRACOLICI ANGELA;92190594;4010;59002;BASSIANO;-;59;LT;LATINA;120;LAZIO;01/01/2005;31/03/2013;Ordinaria;1;41.55221;13.02696;1
10252;0;Via Degli Aranci, 15;NENCINI PIETRO;2160640591;4011;59001;APRILIA;-;59;LT;LATINA;120;LAZIO;01/01/2005;-;Ordinaria;1;41.59256;12.6483;1
10253;0;Piazza Cavalieri di Vittorio Veneto;GIOVINAZZI SANDRO;261130595;4019;59032;TERRACINA;-;59;LT;LATINA;120;LAZIO;01/01/2005;-;Ordinaria;1;41.31583;13.19094;1
10254;0;Via Della Stazione, 150;PROVANTINI MARCO;2542060591;4013;59011;LATINA;LATINA SCALO;59;LT;LATINA;120;LAZIO;01/03/2011;-;Ordinaria;1;41.52317;12.94127;1
10255;0;Via San Carlo;LUPPINO VINCENZO;268940590;4018;59028;SEZZE;-;59;LT;LATINA;120;LAZIO;01/01/2005;28/02/2015;Ordinaria;1;41.4895;13.0569;1
10256;0;Piazza Carlo Pisacane, 9;EREDI EMILIANO MAZZELLA SDF;2614530596;4027;59018;PONZA;-;59;LT;LATINA;120;LAZIO;01/09/2011;31/03/2013;Ordinaria;1;40.91857;12.95941;1
10257;0;Via XXIV Maggio, 14/16;FIORE GINO;-;4022;59007;FONDI;-;59;LT;LATINA;120;LAZIO;01/07/2007;31/08/2010;Ordinaria;1;41.3559;13.43019;1
10258;0;Largo B. Buozzi, 12;SANTA RITA DI ANGELO DR. SCERPA;2452190594;4018;59028;SEZZE;-;59;LT;LATINA;120;LAZIO;01/01/2005;-;Ordinaria;1;41.4895;13.0569;1
10259;0;Piazza Giovanni XXIII, 11;DEL POPOLO DI DI VITO TATIANA SAS;2652220597;4015;59019;PRIVERNO;-;59;LT;LATINA;120;LAZIO;01/04/2013;-;Ordinaria;1;41.47167;13.18189;1
10260;0;Via Giovanni XXIII, 33;SAVO FIORELLA;-;4011;59001;APRILIA;-;59;LT;LATINA;120;LAZIO;01/01/2005;31/12/2007;Ordinaria;1;41.5942;12.64858;1
10261;0;Via Ponchiello, 40/44;NAPOLITANO CINZIA;2536760594;4011;59001;APRILIA;-;59;LT;LATINA;120;LAZIO;01/06/2010;-;Ordinaria;1;41.59132;12.6596;1
10262;0;Via Latina 38;GALENO - DOTT. PARISELLA ETTORE - DOTT. SERONE CLAUDIO;-;4012;59005;CISTERNA DI LATINA;Cerciabella;59;LT;LATINA;120;LAZIO;01/01/2005;30/09/2007;Ordinaria;1;41.57339;12.8375;1
10263;0;Corso Vittorio Emanuele, 1;DI PASQUALE IGNAZIO;563380591;4017;59025;SAN FELICE CIRCEO;-;59;LT;LATINA;120;LAZIO;01/01/2005;-;Ordinaria;1;41.2535;13.08567;1
10264;0;Via Dante, 48;TAGLIAMONTE ORTENSIA;906390596;4027;59018;PONZA;-;59;LT;LATINA;120;LAZIO;01/10/2010;28/02/2011;Ordinaria;1;40.89956;12.96028;1
10265;0;Corso Della Repubblica, 210;SAN MARCO DELLA DOTT.SSA ANNALISA CORSI E C. SAS;2745510590;4100;59011;LATINA;-;59;LT;LATINA;120;LAZIO;01/01/2005;-;Ordinaria;1;41.52714;13.15575;1
10266;0;Piazza Municipio;ROSATO ANNA;971660592;4020;59003;CAMPODIMELE;-;59;LT;LATINA;120;LAZIO;01/01/2005;-;Ordinaria;1;41.38972;13.53031;1
10267;0;Via Alighieri, 3/7;COTRONEO MARIO;984040592;4010;59013;MAENZA;-;59;LT;LATINA;120;LAZIO;01/01/2005;31/03/2013;Ordinaria;1;41.54286;13.1829;1
10268;0;Via Corana;BELLOTTI LUCIA;982040594;4012;59005;CISTERNA DI LATINA;DOGANELLA DI NINFA;59;LT;LATINA;120;LAZIO;01/09/2010;-;Ordinaria;1;41.59196;12.92009;1
10269;0;Via Migliara 54, 1;BORSO' FRANCO;993470590;4010;59024;SABAUDIA;B.GO VODIGE;59;LT;LATINA;120;LAZIO;01/01/2005;31/03/2013;Ordinaria;1;41.31075;13.06729;1
10270;0;Viale Statuto, 3;TRAVAGLIATI GIANCARLO;1048130593;4100;59011;LATINA;-;59;LT;LATINA;120;LAZIO;01/01/2005;-;Ordinaria;1;41.46635;12.87783;1
10271;0;Via Provinciale, 60;PARISELLA GIULIANO;704760594;4020;59015;MONTE SAN BIAGIO;-;59;LT;LATINA;120;LAZIO;01/01/2005;31/03/2013;Ordinaria;1;41.36607;13.31663;1
10272;0;Corso della Repubblica, 83;RICCI LORETTA;232080598;4012;59005;CISTERNA DI LATINA;-;59;LT;LATINA;120;LAZIO;01/01/2005;-;Ordinaria;1;41.59886;12.82043;1
10273;0;Via Valle, 24;REALE ANNALISA;1194240592;4029;59030;SPERLONGA;-;59;LT;LATINA;120;LAZIO;01/01/2005;-;Ordinaria;1;41.26015;13.43217;1
10274;0;Via Don L. Sturzo;FELICI FERMO;-;4100;59011;LATINA;-;59;LT;LATINA;120;LAZIO;01/01/2005;31/12/2007;Ordinaria;1;41.46635;12.87783;1
10275;0;Passeggiata San Giovanni, 55;BARATTOLO ANNA BEATRICE;1250920590;4010;59016;NORMA;-;59;LT;LATINA;120;LAZIO;01/01/2008;-;Ordinaria;1;41.60164;12.98008;1
10276;0;Via S. Antonio, 8;IACOZZA ANTONIO;1124740596;4020;59007;FONDI;SALTO DI FONDI;59;LT;LATINA;120;LAZIO;01/01/2005;31/03/2013;Ordinaria;1;41.33617;13.4094;1
10277;0;Via Cavour, 33;CENTRALE;1086560594;4014;59017;PONTINIA;-;59;LT;LATINA;120;LAZIO;01/04/2013;-;Ordinaria;1;41.40877;13.04792;1
10278;0;Piazza Umberto I, 12;GIORGI FLORA;720110592;4010;59020;PROSSEDI;-;59;LT;LATINA;120;LAZIO;01/01/2005;-;Ordinaria;1;41.49738;13.25799;1
10279;0;Via Giacomo Leopardi, 1;DE GREGORIO CHIARA;1290530599;4010;59006;CORI;-;59;LT;LATINA;120;LAZIO;01/01/2005;-;Ordinaria;1;41.64682;12.90576;1
10280;0;Viale Guglielmo Marconi, 12;DE LONGIS ROSSELLA;1596050607;4025;59012;LENOLA;-;59;LT;LATINA;120;LAZIO;01/01/2005;-;Ordinaria;1;41.40611;13.45941;1
10281;0;Piazza Giacomo Matteotti, 3;TERENZIO DANIELE;1301560593;4022;59007;FONDI;-;59;LT;LATINA;120;LAZIO;01/09/2010;-;Ordinaria;1;41.35799;13.42867;1
10282;0;Via Duca del Mare, 52;VIRGOLINO ANTONIO;196140594;4100;59011;LATINA;-;59;LT;LATINA;120;LAZIO;01/01/2005;-;Ordinaria;1;41.46579;12.90133;1
10283;0;Via Consolare, 5;COLETTA ELENA GRAZIA;1398500593;4010;59029;SONNINO;SONNINO SCALO;59;LT;LATINA;120;LAZIO;01/01/2005;-;Ordinaria;1;41.47443;13.17893;1
10284;0;Via Appia, Km. 144;SCIARRA RITA MARIA;1400750590;4023;59008;FORMIA;-;59;LT;LATINA;120;LAZIO;01/01/2005;30/09/2011;Ordinaria;1;41.28464;13.62809;1
10285;0;Via La Nece snc-Condominio De Felice 2;ZIZZI GIANCARLO;-;4019;59032;TERRACINA;-;59;LT;LATINA;120;LAZIO;01/01/2005;31/08/2010;Ordinaria;1;41.31583;13.19094;1
10286;0;Via Roma, 40/42;TERENZIO PATRIZIA;-;4022;59007;FONDI;-;59;LT;LATINA;120;LAZIO;01/01/2005;31/12/2007;Ordinaria;1;41.35881;13.41763;1
10287;0;Via Dei Lauri, 110;PALMIERI DSSA PIACENTE CHIARA;1475730592;4011;59001;APRILIA;-;59;LT;LATINA;120;LAZIO;01/04/2013;-;Ordinaria;1;41.59685;12.65048;1
10288;0;Via P. L. Nervi;MULA' RICCARDO MARIA;557350592;4100;59011;LATINA;-;59;LT;LATINA;120;LAZIO;01/01/2005;-;Ordinaria;1;41.46635;12.87783;1
10289;0;Via Nettunense, 44;FIORILLO GENNARO;1502850595;4010;59001;APRILIA;CAMPOLEONE;59;LT;LATINA;120;LAZIO;01/01/2005;-;Ordinaria;1;41.5942;12.64858;1
10290;0;Via Genio Civile;BORGIA LINA;1503510594;4011;59001;APRILIA;CAMPO DI CARNE;59;LT;LATINA;120;LAZIO;01/01/2005;31/10/2011;Ordinaria;1;41.55127;12.63547;1
10291;0;Via Appia, 1681;FRANCO MARCELLA;1511160598;4026;59014;MINTURNO;MARINA DI MINTURNO;59;LT;LATINA;120;LAZIO;01/01/2005;31/03/2013;Ordinaria;1;41.24859;13.74172;1
10292;0;Via Don Torello, 13;PENNACCHIO ROBERTO;1557440599;4100;59011;LATINA;-;59;LT;LATINA;120;LAZIO;01/01/2005;-;Ordinaria;1;41.46635;12.87783;1
10293;0;Via Roma, 105;SANT'ELENA SAS  DEL DR. CIPOLLA GIUSEPPE & C.;2613200597;4019;59032;TERRACINA;-;59;LT;LATINA;120;LAZIO;01/04/2013;-;Ordinaria;1;41.31583;13.19094;1
10294;0;Corso della Repubblica, 8;CATALDI TASSONI LIDIA;-;4010;59028;SEZZE;SEZZE SCALO;59;LT;LATINA;120;LAZIO;01/01/2005;30/09/2010;Ordinaria;1;41.49738;13.04352;1
10295;0;Via Aldo Moro, 27;COMUNALE CISTERNA DI LATINA;700200595;4012;59005;CISTERNA DI LATINA;-;59;LT;LATINA;120;LAZIO;01/01/2005;31/03/2013;Ordinaria;1;41.60064;12.84504;1
10296;0;Corso Italia, 87;CENICCOLA JOHN;-;4022;59007;FONDI;-;59;LT;LATINA;120;LAZIO;01/07/2007;31/08/2010;Ordinaria;1;41.35597;13.42927;1
10297;0;Via Appia, 406/408;TIAR SAS DIIMMACOLATA, ALBA, RAFFAELLA TARANTINO;2258980594;4026;59014;MINTURNO;-;59;LT;LATINA;120;LAZIO;01/04/2013;-;Ordinaria;1;41.24859;13.74172;1
10298;0;Via Don Torello, 97;GIANNANTONIO GIANCARLO;1649930599;4100;59011;LATINA;-;59;LT;LATINA;120;LAZIO;01/01/2005;-;Ordinaria;1;41.46635;12.87783;1
10299;0;Via Crocefisso, SNC;GIANNANTONIO MARIA GIOVANNA;1649940598;4100;59011;LATINA;B.GO SANTA MARIA;59;LT;LATINA;120;LAZIO;01/04/2013;-;Ordinaria;1;41.47281;13.18554;1
10300;0;Via Francesco Baracca, 571;CIUFO SNC DELLE DR.SSE ROSALBA  PIETROLUNGO E VIRIGNIA CIUFO;1648790598;4020;59026;SANTI COSMA E DAMIANO;-;59;LT;LATINA;120;LAZIO;01/03/2013;-;Ordinaria;1;41.27993;13.8018;1
10301;0;Via Romagnoli, 9/11;FIACCO MARIA ROSARIA;-;4100;59011;LATINA;-;59;LT;LATINA;120;LAZIO;01/01/2005;31/08/2010;Ordinaria;1;41.46635;12.87783;1
10302;0;Via delle Arene, 258;GUBBINI EZIO;-;4019;59032;TERRACINA;-;59;LT;LATINA;120;LAZIO;01/01/2005;31/12/2007;Ordinaria;1;41.31583;13.19094;1
10303;0;Strada Litoranea, 316;LA ROSA MILENA;1671820593;4100;59011;LATINA;B.GO GRAPPA;59;LT;LATINA;120;LAZIO;01/01/2005;-;Ordinaria;1;41.4203;12.87756;1
10304;0;Via Andrea Doria, 11;FARINA DEL DOTT. FARINA SALVATORE & C. SNC;2747600597;4100;59011;LATINA;-;59;LT;LATINA;120;LAZIO;01/01/2005;-;Ordinaria;1;41.26006;13.42932;1
10305;0;Piazza Benedetto Croce, 29/30;LUCIDI CARLA;1702840594;4011;59001;APRILIA;-;59;LT;LATINA;120;LAZIO;01/09/2010;-;Ordinaria;1;41.59316;12.65326;1
10306;0;Via Emanuele Filiberto, 63;FONTANA AMELIA;2181360591;4100;59011;LATINA;-;59;LT;LATINA;120;LAZIO;01/10/2010;-;Ordinaria;1;41.46967;12.89691;1
10307;0;Strada Sabotino, 3;MIRANDA AMATO;1089930596;4100;59011;LATINA;B.GO SABOTINO;59;LT;LATINA;120;LAZIO;01/01/2005;-;Ordinaria;1;41.45481;12.84203;1
10308;0;Via S. Janni, 13;AZZUOLI GIULIANA & C. SAS;-;4023;59008;FORMIA;-;59;LT;LATINA;120;LAZIO;01/03/2011;-;Ordinaria;1;41.28464;13.62809;1
10309;0;Piazza Mazzoccolo, 19;GIUGLIANO AGNESE;1749190599;4024;59009;GAETA;-;59;LT;LATINA;120;LAZIO;01/01/2005;-;Ordinaria;1;41.21831;13.56281;1
10310;0;Piazza B. Buozzi (Pal. Ceci);TELESCA MARIA LUISA;1744810597;4019;59032;TERRACINA;-;59;LT;LATINA;120;LAZIO;01/01/2005;-;Ordinaria;1;41.31583;13.19094;1
10311;0;Via Bologna, 24;FALVO VINCENZO;1753800596;4024;59009;GAETA;-;59;LT;LATINA;120;LAZIO;01/01/2005;-;Ordinaria;1;41.21373;13.5613;1
10312;0;Piazza Santa Maria;SAGRIPANTI MARIA GRAZIA;1824050601;4010;59023;ROCCASECCA DEI VOLSCI;-;59;LT;LATINA;120;LAZIO;01/01/2008;31/03/2010;Ordinaria;1;41.464;13.22701;1
10313;0;Corso Della Repubblica, 190;CALDERAZZO FILIPPO;1778170595;4012;59005;CISTERNA DI LATINA;-;59;LT;LATINA;120;LAZIO;01/01/2005;30/04/2013;Ordinaria;1;41.59886;12.82043;1
10314;0;Via Ponte Gagliardo 205;SAVELLI IMMACOLATA;4779190489;4022;59007;FONDI;-;59;LT;LATINA;120;LAZIO;01/01/2005;31/12/2007;Ordinaria;1;41.36693;13.41605;1
10315;0;Via Mediana Cisterna, 60;LUPO SNC;1784180596;4011;59001;APRILIA;CAMPOVERDE;59;LT;LATINA;120;LAZIO;01/01/2005;28/02/2013;Ordinaria;1;41.53869;12.7343;1
10316;0;Piazza Alcide De Gaspari, 2;TISCIONE NICOLA;3488670617;4020;59033;VENTOTENE;-;59;LT;LATINA;120;LAZIO;01/06/2009;-;Ordinaria;1;40.79252;13.42976;1
10317;0;Via Roccagorga, 13;COMUNALE SEZZE;-;4018;59028;SEZZE;-;59;LT;LATINA;120;LAZIO;01/01/2005;-;Ordinaria;1;41.49942;13.06176;1
10318;0;Piazza G. Antonelli, 7;SPAZIANI CESARE;-;4019;59032;TERRACINA;-;59;LT;LATINA;120;LAZIO;01/01/2005;31/08/2010;Ordinaria;1;41.31583;13.19094;1
10319;0;Via Roma, 104;PELLEGRINI LUIGI;-;4010;59029;SONNINO;-;59;LT;LATINA;120;LAZIO;01/01/2005;30/09/2010;Ordinaria;1;41.41448;13.24285;1
10320;0;Via San Rocco, 22;PERRINO MARIA;1785050590;4021;59004;CASTELFORTE;-;59;LT;LATINA;120;LAZIO;01/01/2005;-;Ordinaria;1;41.31076;13.85206;1
10321;0;Largo Paone, 2;DI NELLA ERSILIA;-;4023;59008;FORMIA;-;59;LT;LATINA;120;LAZIO;01/01/2005;31/08/2010;Ordinaria;1;41.28464;13.62809;1
10322;0;Via Parigi, 6;FARMA APRILIA;1920240593;4011;59001;APRILIA;-;59;LT;LATINA;120;LAZIO;01/09/2010;-;Ordinaria;1;41.57699;12.66759;1
10323;0;Via Paganini, snc - Q4;PAPAGNO MARIO;-;4100;59011;LATINA;-;59;LT;LATINA;120;LAZIO;01/01/2005;31/08/2010;Ordinaria;1;41.46635;12.87783;1
10324;0;Via Appia, 6333/6337;MESSINA CALOGERA;1441470596;4014;59017;PONTINIA;MESA DI PONTINIA;59;LT;LATINA;120;LAZIO;01/01/2005;-;Ordinaria;1;41.40264;13.11198;1
10325;0;Via Foro Appio, 2;CASSANDRA ANGELO;-;4100;59011;LATINA;-;59;LT;LATINA;120;LAZIO;01/01/2005;31/08/2010;Ordinaria;1;41.46757;12.9036;1
10326;0;S.S. 156 Monti Lepini Km. 29.700;CARBONE ANTONIO;-;4010;59019;PRIVERNO;CERIARA DI PRIVERNO;59;LT;LATINA;120;LAZIO;01/01/2005;31/05/2009;Ordinaria;1;41.47171;13.1664;1
10327;0;Via Carducci, 13;DE STASIO LUIGI;2010450597;4020;59031;SPIGNO SATURNIA;-;59;LT;LATINA;120;LAZIO;01/01/2005;-;Ordinaria;1;41.31751;13.70202;1
10328;0;Via Vitruvio, 33;DE STASIO ALFONSINA;1304500596;4023;59008;FORMIA;-;59;LT;LATINA;120;LAZIO;01/10/2010;-;Ordinaria;1;41.25498;13.60432;1
10329;0;Via Roma, 28;CUSANI LAURA;2027410592;4020;59015;MONTE SAN BIAGIO;-;59;LT;LATINA;120;LAZIO;01/01/2005;-;Ordinaria;1;41.36607;13.31663;1
10330;0;Corso Appio Claudio, 38;POLIDORI VITTORIO;2036810592;4022;59007;FONDI;-;59;LT;LATINA;120;LAZIO;01/01/2008;-;Ordinaria;1;41.3585;13.42759;1
10331;0;Largo Cavalli snc;PETROSINO FRANCESCO;-;4100;59011;LATINA;-;59;LT;LATINA;120;LAZIO;01/01/2005;30/09/2010;Ordinaria;1;41.46635;12.87783;1
10332;0;Via Italo Balbo, 72/b;AZIENDA FARMACEUTICA SPA;2024630598;4020;59010;ITRI;-;59;LT;LATINA;120;LAZIO;01/09/2010;-;Ordinaria;1;41.30471;13.52762;1
10333;0;Via Faustina, 34;CIPOLLINI ANTONIO;2053070591;4024;59009;GAETA;-;59;LT;LATINA;120;LAZIO;01/01/2005;-;Ordinaria;1;41.20946;13.58424;1
10334;0;Via Fossignano, 78;QUARTA ANNA;-;4011;59001;APRILIA;-;59;LT;LATINA;120;LAZIO;01/01/2005;31/08/2010;Ordinaria;1;41.60166;12.54547;1
10335;0;Via Olivetani, 22;RIZZI ANNA GIOVANNINA;-;4023;59008;FORMIA;-;59;LT;LATINA;120;LAZIO;01/01/2005;-;Ordinaria;1;41.25449;13.59752;1
10336;0;Via Carroceto, 227/A;SANT'ANTONIO LUIGINA GIANNI;7589421002;4011;59001;APRILIA;-;59;LT;LATINA;120;LAZIO;01/09/2010;-;Ordinaria;1;41.5942;12.64858;1
10337;0;VIA XXIV MAGGIO, 7;ROMEO FRANCESCA;6738551008;4026;59014;MINTURNO;-;59;LT;LATINA;120;LAZIO;01/01/2005;-;Ordinaria;1;41.26347;13.74533;1
10338;0;Via Migliara, 47;GAROZZO PIETRO;1213140591;4016;59024;SABAUDIA;BELLAFARNIA;59;LT;LATINA;120;LAZIO;01/09/2010;-;Ordinaria;1;41.37192;12.97339;1
10339;0;Piazza Michelangelo, 29;SAN FRANCESCO CORRENTE ANNA;-;4012;59005;CISTERNA DI LATINA;-;59;LT;LATINA;120;LAZIO;01/01/2005;31/12/2007;Ordinaria;1;41.57339;12.8375;1
10340;0;Via Boschetto, 29;FIACCO LETIZIA;6799831000;4010;59022;ROCCA MASSIMA;-;59;LT;LATINA;120;LAZIO;01/03/2013;-;Ordinaria;1;41.69338;12.91817;1
10341;0;Via Migliara, 55;DEL FRASSO SNC;2076820592;4010;59029;SONNINO;FRASSO;59;LT;LATINA;120;LAZIO;01/01/2005;-;Ordinaria;1;41.40101;13.23397;1
10342;0;Via Carlo Alberto, 3;BORSO MASETTI FRANCO;1922820590;4016;59024;SABAUDIA;-;59;LT;LATINA;120;LAZIO;01/01/2008;30/09/2010;Ordinaria;1;41.29898;13.04042;1
10343;0;Via Casalazzara;MARCON GIOCONDO;-;4011;59001;APRILIA;-;59;LT;LATINA;120;LAZIO;01/01/2005;31/08/2010;Ordinaria;1;41.5942;12.64858;1
10344;0;Strada Acque Alte, 83;MAGGIACOMO GIUSTINIANO;2120280595;4010;59011;LATINA;B.GO PODGORA;59;LT;LATINA;120;LAZIO;01/01/2005;-;Ordinaria;1;41.46635;12.87783;1
10345;0;Via Strabone, snc;SACCOCCIO ALESSANDRA;2121780593;4100;59011;LATINA;B.GO CARSO;59;LT;LATINA;120;LAZIO;01/10/2010;-;Ordinaria;1;41.46635;12.87783;1
10346;0;Via Casalotti, 140/146;COMUNALE CASALOTTI II;5903241007;166;58091;ROMA;-;58;RM;ROMA;120;LAZIO;01/03/2013;-;Ordinaria;1;41.92368;12.57115;1
10347;0;Via Maria, 25;ABBAZIA DI CASAMARI DR. RICCI FRANCESCO;-;3020;60085;VEROLI;CASAMARI;60;FR;FROSINONE;120;LAZIO;01/01/2005;31/03/2007;Ordinaria;1;41.71893;13.44934;1
10348;0;Corso Roma, 13;TARI CAPONE MARIA LAURA;2451350603;3036;60043;ISOLA DEL LIRI;-;60;FR;FROSINONE;120;LAZIO;01/10/2010;-;Ordinaria;1;41.68034;13.5689;1
10349;0;Via Minghetti, 81;CENTRALE;2327170607;3100;60038;FROSINONE;-;60;FR;FROSINONE;120;LAZIO;01/09/2010;-;Ordinaria;1;41.64129;13.35191;1
10350;0;Viale Umberto I, 7;DE LUCA SAS;143060606;3021;60005;AMASENO;-;60;FR;FROSINONE;120;LAZIO;01/01/2005;-;Ordinaria;1;41.45101;13.32872;1
10351;0;Via Stella, 34;FARINA;2457070601;3030;60015;BROCCOSTELLA;-;60;FR;FROSINONE;120;LAZIO;01/01/2008;-;Ordinaria;1;41.70466;13.64979;1
10352;0;Via Lungoliri Mazzini, 59;FATICANTI;2450010604;3039;60074;SORA;-;60;FR;FROSINONE;120;LAZIO;01/09/2010;-;Ordinaria;1;41.7326;13.57597;1
10353;0;Via M. Dionigi, 5;GABRIELLI FRANCESCO;141630608;3013;60033;FERENTINO;-;60;FR;FROSINONE;120;LAZIO;01/01/2005;-;Ordinaria;1;41.69474;13.24833;1
10354;0;Via Fontana Vecchia;GRILLI CLELIA;143100600;3044;60026;CERVARO;-;60;FR;FROSINONE;120;LAZIO;01/01/2005;30/04/2011;Ordinaria;1;41.48162;13.90645;1
10355;0;Via Pola, 41;ALFONSI VENTURINI GIOVANNI;64720600;3035;60036;FONTANA LIRI;-;60;FR;FROSINONE;120;LAZIO;01/03/2013;-;Ordinaria;1;41.61975;13.5686;1
10356;0;Piazza XXV Luglio, 11;PERUZZI M. AGATA;140110602;3023;60024;CECCANO;-;60;FR;FROSINONE;120;LAZIO;01/04/2007;28/02/2013;Ordinaria;1;41.56644;13.3314;1
10357;0;Corso Vittorio Emanuele, 21;PICARO;2446890606;3037;60056;PONTECORVO;-;60;FR;FROSINONE;120;LAZIO;01/03/2013;-;Ordinaria;1;41.46126;13.66682;1
10358;0;Via Secondino Pagano, 20;RICCIUTI FRANCO;2036810592;3043;60019;CASSINO;-;60;FR;FROSINONE;120;LAZIO;01/01/2005;31/12/2007;Ordinaria;1;41.47889;13.83556;1
10359;0;Corso Vittorio Emanuele, 21;SAN SISTO Snc -  DR.SSE CANNONE M.ANGELA E STEFANIA;2453760601;3011;60003;ALATRI;-;60;FR;FROSINONE;120;LAZIO;01/09/2010;-;Ordinaria;1;41.73062;13.3402;1
10360;0;Piazza Martiri di via Fani,1;SEGNERI SNC;2840290601;3024;60025;CEPRANO;-;60;FR;FROSINONE;120;LAZIO;01/03/2015;-;Ordinaria;1;41.54672;13.49806;1
10361;0;VIA CASILINA KM. 112,850;SIMONELLI ADOLFO GIACOMO;2459100604;3032;60008;ARCE;-;60;FR;FROSINONE;120;LAZIO;01/10/2010;-;Ordinaria;1;41.56544;13.55737;1
10362;0;Corso Gallio, 10;GIORDANO;141720607;3041;60004;ALVITO;-;60;FR;FROSINONE;120;LAZIO;01/04/2007;31/08/2010;Ordinaria;1;41.70961;13.75033;1
10363;0;Piazza Madonna della Neve, 22;MADONNA DELLA NEVE SNC;-;3100;60038;FROSINONE;-;60;FR;FROSINONE;120;LAZIO;01/01/2005;31/08/2010;Ordinaria;1;41.63455;13.33137;1
10364;0;Via per Frosinone;QUERQUI GIOVANNI;327990602;3023;60024;CECCANO;-;60;FR;FROSINONE;120;LAZIO;01/01/2005;-;Ordinaria;1;41.5874;13.33332;1
10365;0;Via Regina Elena, 24;BATTISTI MARIA LUISA & C. SAS;2453530608;3020;60079;TORRICE;-;60;FR;FROSINONE;120;LAZIO;01/09/2010;-;Ordinaria;1;41.6274;13.39851;1
10366;0;Piazza Berardi;EREDI TAMBUCCI SDF;2329300608;3023;60024;CECCANO;-;60;FR;FROSINONE;120;LAZIO;01/10/2010;-;Ordinaria;1;41.56974;13.3364;1
10367;0;Via Di Biasio, 109;COSTA VINCENZO;1450680895;3043;60019;CASSINO;-;60;FR;FROSINONE;120;LAZIO;01/01/2005;30/11/2007;Ordinaria;1;41.47889;13.83556;1
10368;0;Via Armando Diaz, 4;TALLARICO MICHELE;105710602;3014;60035;FIUGGI;-;60;FR;FROSINONE;120;LAZIO;01/01/2005;-;Ordinaria;1;41.8089;13.22169;1
10369;0;Via Ponte Melfa, 31;ANTIGNANI LUIGI;183720606;3042;60011;ATINA;-;60;FR;FROSINONE;120;LAZIO;01/01/2005;-;Ordinaria;1;41.62111;13.79077;1
10370;0;Via Pier Luigi da Palestrina, 58;F.CIA GATTA DR. MASSIMILIANO;2174660601;3100;60038;FROSINONE;-;60;FR;FROSINONE;120;LAZIO;01/07/2007;31/08/2011;Ordinaria;1;41.63455;13.33137;1
10371;0;Via Petrarca, 11;MURAGLIA SNC;183800606;3039;60074;SORA;-;60;FR;FROSINONE;120;LAZIO;01/01/2005;31/08/2010;Ordinaria;1;41.7326;13.57597;1
10372;0;Via Guglielmo Marconi, 29;SIPIONE ORNELLA;186450607;3030;60016;CAMPOLI APPENNINO;-;60;FR;FROSINONE;120;LAZIO;01/04/2007;-;Ordinaria;1;41.73828;13.67979;1
10373;0;Via Santa Filomena, 8;POCE FRANCESCO;191340603;3030;60044;MONTE SAN GIOVANNI CAMPANO;COLLI;60;FR;FROSINONE;120;LAZIO;01/03/2013;-;Ordinaria;1;41.65278;13.51776;1
10374;0;Piazza Vittorio Emanuele, 2;CICCONE TONINO;193130606;3026;60055;POFI;-;60;FR;FROSINONE;120;LAZIO;01/01/2005;-;Ordinaria;1;41.55392;13.42036;1
10375;0;Via Orto Murato;GULIA MARIA TERESA;-;3040;60070;SAN VITTORE DEL LAZIO;-;60;FR;FROSINONE;120;LAZIO;01/01/2005;31/03/2007;Ordinaria;1;41.46201;13.93514;1
10376;0;Piazza Porta Nuova, 16;PELAGALLI CAROLINA;254210602;3020;60009;ARNARA;-;60;FR;FROSINONE;120;LAZIO;01/01/2005;-;Ordinaria;1;41.58452;13.3884;1
10377;0;Piazza Guglielmo Marconi, 2;MARCUCCILLI ANSELMO;257460600;3030;60069;SANTOPADRE;-;60;FR;FROSINONE;120;LAZIO;01/04/2007;-;Ordinaria;1;41.59966;13.63963;1
10378;0;Via Suburbana sud, snc;EREDI GIULIANI NICOLA;2786650602;3012;60006;ANAGNI;-;60;FR;FROSINONE;120;LAZIO;01/01/2005;-;Ordinaria;1;41.74472;13.15269;1
10379;0;Via Consolare, 103;PIETRANDREA VINCENZO;105770606;3013;60033;FERENTINO;-;60;FR;FROSINONE;120;LAZIO;01/04/2007;28/02/2015;Ordinaria;1;41.69474;13.24833;1
10380;0;Via Osteria della Fontana;FORLI FRANCESCO;297970600;3012;60006;ANAGNI;-;60;FR;FROSINONE;120;LAZIO;01/01/2005;-;Ordinaria;1;41.74472;13.15269;1
10381;0;Viale Giglio, 168;DEL GIGLIO SNC Dr.i Muscedere Lucio & Lorenzo;2356700605;3029;60085;VEROLI;SANT'ANGELO IN VILLA;60;FR;FROSINONE;120;LAZIO;01/10/2010;28/02/2013;Ordinaria;1;41.71893;13.44934;1
10382;0;Via S.Angelo, snc;FELICI PUCCETTI RUGGERO;312830607;3043;60019;CASSINO;SANT'ANGELO;60;FR;FROSINONE;120;LAZIO;01/03/2013;-;Ordinaria;1;41.47889;13.83556;1
10383;0;Viale Dante;VERNILE VINCENZA;305940603;3030;60089;VILLA SANTA LUCIA;-;60;FR;FROSINONE;120;LAZIO;01/03/2013;-;Ordinaria;1;41.5132;13.77382;1
10384;0;Via Botticelli, 38;EUROPA;306080607;3043;60019;CASSINO;CAIRA;60;FR;FROSINONE;120;LAZIO;01/05/2011;-;Ordinaria;1;41.47889;13.83556;1
10385;0;Contrada Patoni, 73;PATRICELLI LOLITA;307890608;3010;60081;TRIVIGLIANO;-;60;FR;FROSINONE;120;LAZIO;01/03/2013;-;Ordinaria;1;41.76412;13.27003;1
10386;0;Via Colle Mastroianni;BARTOLOMUCCI PIO;-;3030;60037;FONTECHIARI;-;60;FR;FROSINONE;120;LAZIO;01/01/2005;31/03/2007;Ordinaria;1;41.67349;13.66416;1
10387;0;Via Valli, 18;SANT'ANTONIO ABATE DI RUGGIERO MIRELLA;2588930608;3040;60021;CASTELNUOVO PARANO;S. Abate;60;FR;FROSINONE;120;LAZIO;01/11/2009;30/09/2010;Ordinaria;1;41.37953;13.74694;1
10388;0;Via Chiaiamari, 89;BIANCHI ELDA;324980606;3030;60044;MONTE SAN GIOVANNI CAMPANO;CHIAIAMARI;60;FR;FROSINONE;120;LAZIO;01/01/2005;-;Ordinaria;1;41.65278;13.51776;1
10389;0;Via Ausonia, 1;FALOVO ANTONIETTA;330210600;3040;60054;PIGNATARO INTERAMNA;-;60;FR;FROSINONE;120;LAZIO;01/01/2005;-;Ordinaria;1;41.43305;13.78544;1
10390;0;Via della Croce, 9;MAGLIOCCHETTI ISABELLA;-;3010;60039;FUMONE;-;60;FR;FROSINONE;120;LAZIO;01/01/2005;31/03/2007;Ordinaria;1;41.73172;13.27522;1
10391;0;Via Prenestina, 312;FELLI AMELIA;368520607;3010;60071;SERRONE;LA FORMA;60;FR;FROSINONE;120;LAZIO;01/03/2013;-;Ordinaria;1;41.84212;13.09519;1
10392;0;Via Garibaldi, 2;FOLCARELLI LUCIANA;374070605;3030;60029;COLLE SAN MAGNO;-;60;FR;FROSINONE;120;LAZIO;01/03/2013;-;Ordinaria;1;41.5594;13.71363;1
10393;0;Piazza della Vittoria, 21/23;M.E.T.RIPI DI TORRICIANI M.P. SAS;2583030602;3027;60058;RIPI;-;60;FR;FROSINONE;120;LAZIO;01/09/2010;-;Ordinaria;1;41.59657;13.44285;1
10394;0;Via Bove, 80;BIANCHI ANNA;627530603;3033;60010;ARPINO;SCAFFA;60;FR;FROSINONE;120;LAZIO;01/01/2005;28/02/2013;Ordinaria;1;41.6464;13.62474;1
10395;0;Via Colli, 12;NARDONE FRANCESCOANTONIO;-;3047;60063;SAN GIORGIO A LIRI;-;60;FR;FROSINONE;120;LAZIO;01/01/2005;31/03/2007;Ordinaria;1;41.40428;13.76802;1
10396;0;Via Provinciale, 21;CIOLFI LUCIO;632270609;3045;60031;ESPERIA;MONTICELLI;60;FR;FROSINONE;120;LAZIO;01/01/2005;28/02/2013;Ordinaria;1;41.37782;13.64815;1
10397;0;Viale Dante, 55;PRIGIOTTI FABRIZIO;668450604;3043;60019;CASSINO;-;60;FR;FROSINONE;120;LAZIO;01/01/2008;-;Ordinaria;1;41.48665;13.83122;1
10398;0;Via America Latina, 111/119;AMERICA LATINA;1401370604;3100;60038;FROSINONE;-;60;FR;FROSINONE;120;LAZIO;01/01/2005;28/02/2011;Ordinaria;1;41.62904;13.34314;1
10399;0;Via Colle Renzi, 1;MARCELLI PAOLA;1414100600;3010;60048;PATRICA;-;60;FR;FROSINONE;120;LAZIO;01/01/2005;28/02/2013;Ordinaria;1;41.59181;13.25686;1
10400;0;Via IV Novembre;SECONDINI;551490600;3049;60068;SANT'ELIA FIUMERAPIDO;-;60;FR;FROSINONE;120;LAZIO;01/03/2013;-;Ordinaria;1;41.52852;13.85241;1
10401;0;Via Roma, 152;FERRARO PAOLO;1445320607;3040;60088;VILLA LATINA;-;60;FR;FROSINONE;120;LAZIO;01/09/2010;-;Ordinaria;1;41.60685;13.85422;1
10402;0;Via Casilina, km 125,300;ZINCONE MASSIMO;1445980608;3030;60022;CASTROCIELO;-;60;FR;FROSINONE;120;LAZIO;01/03/2013;-;Ordinaria;1;41.51005;13.6894;1
10403;0;Piazza Mazzoli, 10;DI PINTO GIULIO;1462780600;3029;60085;VEROLI;-;60;FR;FROSINONE;120;LAZIO;01/01/2005;28/02/2013;Ordinaria;1;41.71893;13.44934;1
10404;0;Piazza Umberto I, 1;BRIGIDI A. MARIA;1473090601;3016;60042;GUARCINO;-;60;FR;FROSINONE;120;LAZIO;01/04/2007;-;Ordinaria;1;41.77609;13.27285;1
10405;0;Viale XX Settembre, 61 A-B;MARINI;2396850600;3039;60074;SORA;-;60;FR;FROSINONE;120;LAZIO;01/01/2005;28/02/2013;Ordinaria;1;41.71833;13.61552;1
10406;0;LOC. CAMMINATE;GABRIELLI SANTE;-;3030;60057;POSTA FIBRENO;Camminate;60;FR;FROSINONE;120;LAZIO;01/01/2005;31/03/2007;Ordinaria;1;41.69032;13.69741;1
10407;0;CONTRADA DELICATA;VENDITTI ANNA;617670609;3030;60086;VICALVI;-;60;FR;FROSINONE;120;LAZIO;01/01/2005;-;Ordinaria;1;41.67672;13.70641;1
10408;0;Via delle Grotte, 40;AMBROSI;-;3020;60023;CASTRO DEI VOLSCI;-;60;FR;FROSINONE;120;LAZIO;01/01/2005;31/03/2007;Ordinaria;1;41.51628;13.40652;1
10409;0;Piazza Santa Maria, 2;VALLEMAIO;1556780607;3040;60083;VALLEMAIO;-;60;FR;FROSINONE;120;LAZIO;01/10/2010;-;Ordinaria;1;41.36882;13.80663;1
10410;0;Corso Vittorio Emanuele, 209;LEONI MARIA TERESA;1569020603;3012;60006;ANAGNI;-;60;FR;FROSINONE;120;LAZIO;01/01/2005;-;Ordinaria;1;41.74472;13.15269;1
10411;0;Via Forca D'Acero Centro 1;BORSO'  MARCO;-;3040;60013;BELMONTE CASTELLO;-;60;FR;FROSINONE;120;LAZIO;01/01/2005;31/08/2010;Ordinaria;1;41.58328;13.8121;1
10412;0;Via Alcide De Gasperi, 75;SAN BENEDETTO DI PEDE CANDIDA;-;3011;60003;ALATRI;-;60;FR;FROSINONE;120;LAZIO;01/01/2005;31/03/2007;Ordinaria;1;41.73062;13.3402;1
10413;0;Piazza S. Maria, 1;TULLIO CESIDIO;1588660603;3040;60040;GALLINARO;-;60;FR;FROSINONE;120;LAZIO;01/01/2005;28/02/2013;Ordinaria;1;41.65342;13.79781;1
10414;0;Via Vescovo Ruggieri;DI ROCCO LOREDANA;1590100606;3030;60049;PESCOSOLIDO;-;60;FR;FROSINONE;120;LAZIO;01/01/2005;-;Ordinaria;1;41.74865;13.65739;1
10415;0;Via Anitrella;CELLETTI OLIVA;1603660604;3030;60044;MONTE SAN GIOVANNI CAMPANO;ANITRELLA;60;FR;FROSINONE;120;LAZIO;01/01/2005;28/02/2013;Ordinaria;1;41.65278;13.51776;1
10416;0;Via Risorgimento;SAN TOMMASO DI CIACCIARELLI VIRGILIO & C. SAS;2566660607;3031;60007;AQUINO;-;60;FR;FROSINONE;120;LAZIO;01/03/2013;-;Ordinaria;1;41.47799;13.71546;1
10417;0;Via Roma, 55;MAGLIOCCO;1680270608;3040;60065;SANT'AMBROGIO SUL GARIGLIANO;-;60;FR;FROSINONE;120;LAZIO;01/01/2005;31/08/2010;Ordinaria;1;41.39138;13.86416;1
10418;0;Via Provinciale, 37;MESSORE PASQUALE;1703140606;3040;60012;AUSONIA;-;60;FR;FROSINONE;120;LAZIO;01/01/2005;-;Ordinaria;1;41.34894;13.73883;1
10419;0;Viale dei Caduti, 13;CONTE MARIO;1704240603;3040;60077;TERELLE;-;60;FR;FROSINONE;120;LAZIO;01/01/2005;-;Ordinaria;1;41.55432;13.78309;1
10420;0;Via Pagliaia di Morga, 11;SAN PIETRO Dr. De Franceschi Pasquale;1707970602;3040;60072;SETTEFRATI;-;60;FR;FROSINONE;120;LAZIO;01/04/2007;-;Ordinaria;1;41.68808;13.86626;1
10421;0;Via Roma, 112/114;FARMACIA DEL CENTRO DI FISCHETTI ANTONIO & C.Snc;1733990608;3038;60060;ROCCASECCA;-;60;FR;FROSINONE;120;LAZIO;01/10/2010;-;Ordinaria;1;41.53498;13.6395;1
10422;0;Via Mole Bisleti, 409;LE MOLE - DR. TRENTO;1525160600;3011;60003;ALATRI;TECCHIENA;60;FR;FROSINONE;120;LAZIO;01/04/2007;30/04/2011;Ordinaria;1;41.72529;13.3412;1
10423;0;LOC. SAN FILIPPO, 45;DE SANTIS MARIA VITTORIA;-;3012;60006;ANAGNI;San Filippo, 45;60;FR;FROSINONE;120;LAZIO;01/01/2005;31/03/2007;Ordinaria;1;41.74472;13.15269;1
10424;0;Corso Garibaldi;GIANNOTTI;1742740606;3048;60067;SANT'APOLLINARE;-;60;FR;FROSINONE;120;LAZIO;01/03/2013;-;Ordinaria;1;41.40162;13.82785;1
10425;0;Via Alessandro Manzoni;RONSISVALLE;1753350600;3040;60030;CORENO AUSONIO;-;60;FR;FROSINONE;120;LAZIO;01/01/2005;-;Ordinaria;1;41.33475;13.78388;1
10426;0;SS. 155, 21;CARFAGNA;1790990608;3010;60003;ALATRI;TECCHIENA DI ALATRI;60;FR;FROSINONE;120;LAZIO;01/01/2005;-;Ordinaria;1;41.73062;13.3402;1
10427;0;Piazza Umberto I;RAMA;1794970606;3019;60076;SUPINO;-;60;FR;FROSINONE;120;LAZIO;01/01/2005;-;Ordinaria;1;41.61019;13.20937;1
10428;0;Via San Martino, 3;CEDRONE LUCIANA ANNA;-;3040;60050;PICINISCO;-;60;FR;FROSINONE;120;LAZIO;01/01/2005;31/03/2007;Ordinaria;1;41.65294;13.9071;1
10429;0;Via Valle Paradiso;DEI SEMPLICI;1843980606;3022;60014;BOVILLE ERNICA;-;60;FR;FROSINONE;120;LAZIO;01/01/2005;-;Ordinaria;1;41.64093;13.47245;1
10430;0;Via Borgonuovo, 89/91;MASNADA CRISTIANA;2441530603;3036;60043;ISOLA DEL LIRI;-;60;FR;FROSINONE;120;LAZIO;01/10/2010;-;Ordinaria;1;41.70895;13.59794;1
10431;0;Via Roma, 335;PACILIO;1879400602;3020;60082;VALLECORSA;-;60;FR;FROSINONE;120;LAZIO;01/03/2013;-;Ordinaria;1;41.43268;13.40233;1
10432;0;Via Brighindi;MODERNA - PICA ANNA MARIA;-;3100;60038;FROSINONE;-;60;FR;FROSINONE;120;LAZIO;01/01/2005;30/09/2010;Ordinaria;1;41.63455;13.33137;1
10433;0;Viale Repubblica, 88;VALLEROTONDA DEL DR. GALLINARO ANTONIO;1882420605;3040;60084;VALLEROTONDA;-;60;FR;FROSINONE;120;LAZIO;01/03/2013;-;Ordinaria;1;41.57152;13.94324;1
10434;0;Via Bonomi, 74;SPEZIA - DR. PELAGALLI;-;3030;60010;ARPINO;CARNELLO;60;FR;FROSINONE;120;LAZIO;01/01/2005;31/03/2007;Ordinaria;1;41.64513;13.61263;1
10435;0;viale cesare battisti;DE FRANCESCHI ENZA;178580601;3010;60080;TREVI NEL LAZIO;-;60;FR;FROSINONE;120;LAZIO;01/03/2013;-;Ordinaria;1;41.8629875;13.2422281;1
10436;0;Via della Rocca, 2;PAOLINI TIZIANA DONATA MARA;1748640602;3010;60034;FILETTINO;-;60;FR;FROSINONE;120;LAZIO;01/01/2005;-;Ordinaria;1;41.89327;13.32451;1
10437;0;Via Marconi, 5;MILLANTI;-;3020;60041;GIULIANO DI ROMA;-;60;FR;FROSINONE;120;LAZIO;01/01/2005;30/09/2010;Ordinaria;1;41.55049;13.2542;1
10438;0;Via Chiesa Nuova, 14;RIEGER RODOLFO;2406160602;3039;60074;SORA;-;60;FR;FROSINONE;120;LAZIO;01/10/2010;-;Ordinaria;1;41.7326;13.57597;1
10439;0;Piazza Santa Maria Maggiore;EREDI PIACITELLI ADALBERTO;-;3011;60003;ALATRI;-;60;FR;FROSINONE;120;LAZIO;01/01/2005;31/03/2007;Ordinaria;1;41.73062;13.3402;1
10440;0;Via Santa Lucia;MACCIOCCHI ANDREA;1939300602;3030;60059;ROCCA D'ARCE;-;60;FR;FROSINONE;120;LAZIO;01/01/2005;31/01/2015;Ordinaria;1;41.58675;13.60296;1
10441;0;Via Roma, 7/9;MESSIDORO ORNELLA;-;3040;60001;ACQUAFONDATA;-;60;FR;FROSINONE;120;LAZIO;01/01/2005;31/03/2007;Ordinaria;1;41.55094;13.97498;1
10442;0;Via Roma, 24;SEMAR SRL;1949420606;3010;60087;VICO NEL LAZIO;-;60;FR;FROSINONE;120;LAZIO;01/01/2005;-;Ordinaria;1;41.7978;13.37295;1
10443;0;Via San Rocco;SAN GRIMOALDO;1535160608;3037;60056;PONTECORVO;-;60;FR;FROSINONE;120;LAZIO;01/09/2010;31/03/2013;Ordinaria;1;41.45469;13.66796;1
10444;0;Via De Crescenzi, 8;PICARAZZI CLAUDIO;1962260608;3022;60014;BOVILLE ERNICA;-;60;FR;FROSINONE;120;LAZIO;01/01/2005;28/02/2013;Ordinaria;1;41.64252;13.4727;1
10445;0;Piazza Indipendenza, 5;LASALANDRA;1970930606;3018;60046;PALIANO;-;60;FR;FROSINONE;120;LAZIO;01/01/2005;28/02/2013;Ordinaria;1;41.78468;13.05229;1
10446;0;LOC. SANTA FRANCESCA;MASTRANGELI;1977160603;3029;60085;VEROLI;Santa Francesca;60;FR;FROSINONE;120;LAZIO;01/01/2008;28/02/2013;Ordinaria;1;41.71748;13.44955;1
10447;0;Via del Rettifilo, 20/E;CATALDI - CARCANO;-;3015;60035;FIUGGI;FIUGGI FONTE;60;FR;FROSINONE;120;LAZIO;01/01/2005;31/03/2007;Ordinaria;1;41.8089;13.22169;1
10448;0;Via Borgo San Nicola;SANT'ELENA SNC;2039700600;3020;60047;PASTENA;-;60;FR;FROSINONE;120;LAZIO;01/03/2013;-;Ordinaria;1;41.46824;13.49174;1
10449;0;Via Per Alatri, 9;LA CERTOSA;3116340781;3010;60028;COLLEPARDO;-;60;FR;FROSINONE;120;LAZIO;01/07/2011;31/12/2014;Ordinaria;1;41.76385;13.36913;1
10450;0;Via Salita dell'Arco, 8/10;CARRATURO ELENA;2045930605;3033;60010;ARPINO;-;60;FR;FROSINONE;120;LAZIO;01/01/2005;-;Ordinaria;1;41.64826;13.6106;1
10451;0;Corso Repubblica, 89;S.BENEDETTO;2042960605;3043;60019;CASSINO;-;60;FR;FROSINONE;120;LAZIO;01/09/2010;31/12/2014;Ordinaria;1;41.47889;13.83556;1
10452;0;Via Cupa s.n.c.;CASILLO TERENZIO;2047710609;3020;60032;FALVATERRA;-;60;FR;FROSINONE;120;LAZIO;01/01/2005;31/08/2010;Ordinaria;1;41.50462;13.52018;1
10453;0;Via P. Sterbini, 2;ARDUINI FAUSTO;-;3010;60073;SGURGOLA;-;60;FR;FROSINONE;120;LAZIO;01/01/2005;31/03/2007;Ordinaria;1;41.67447;13.14972;1
10454;0;Via Cerquotti;GARGANI;2059320602;3017;60045;MOROLO;-;60;FR;FROSINONE;120;LAZIO;01/01/2005;28/02/2013;Ordinaria;1;41.64095;13.19063;1
10455;0;Via Roma, 183;SCIARRETTA;2059900601;3030;60020;CASTELLIRI;-;60;FR;FROSINONE;120;LAZIO;01/01/2008;-;Ordinaria;1;41.6773;13.54847;1
10456;0;Corso Repubblica, 70;SANT'ANNA DI EREDI URSO SEBASTIANO;2045910607;3043;60019;CASSINO;-;60;FR;FROSINONE;120;LAZIO;01/10/2010;-;Ordinaria;1;41.47889;13.83556;1
10457;0;Via Roma, 10;MANNA ANTONELLA;2064270602;3028;60064;SAN GIOVANNI INCARICO;-;60;FR;FROSINONE;120;LAZIO;01/01/2005;-;Ordinaria;1;41.49641;13.56669;1
10458;0;Via Po, 14;PIACITELLI CARLO;195210604;3100;60038;FROSINONE;-;60;FR;FROSINONE;120;LAZIO;01/01/2005;-;Ordinaria;1;41.64342;13.34156;1
10459;0;Via Campo Sportivo, 5;DI BONA VINCENZO;2538500618;3034;60018;CASALVIERI;-;60;FR;FROSINONE;120;LAZIO;01/01/2005;-;Ordinaria;1;41.64515;13.71548;1
10460;0;Corso della Repubblica, 92;DEL CORSO DI DEL SIGNORE DR. MARCO & C.;2854930605;3100;60038;FROSINONE;-;60;FR;FROSINONE;120;LAZIO;01/02/2015;28/02/2015;Ordinaria;1;41.63879;13.35147;1
10461;0;Via Colle, 17;MALANDRUCCOLO GIUSEPPE SAS;2570180600;3020;60075;STRANGOLAGALLI;-;60;FR;FROSINONE;120;LAZIO;01/09/2010;30/09/2010;Ordinaria;1;41.59414;13.49588;1
10462;0;Piazza Guglielmo Marconi, 7;TORRISI;-;3025;60044;MONTE SAN GIOVANNI CAMPANO;-;60;FR;FROSINONE;120;LAZIO;01/03/2009;31/05/2009;Ordinaria;1;41.63921;13.51571;1
10463;0;Piazza Veroli, 12;CENTRALE;2122200609;3042;60011;ATINA;-;60;FR;FROSINONE;120;LAZIO;01/04/2007;28/02/2013;Ordinaria;1;41.61934;13.80156;1
10464;0;Piazza De Matthaeis;DE MATTHAEIS SNC;-;3100;60038;FROSINONE;-;60;FR;FROSINONE;120;LAZIO;01/01/2005;31/03/2007;Ordinaria;1;41.63455;13.33137;1
10465;0;Via Cacina, 4;EREDE CARDELLA PASQUALE;-;3046;60062;SAN DONATO VAL DI COMINO;-;60;FR;FROSINONE;120;LAZIO;01/01/2005;31/03/2007;Ordinaria;1;41.71545;13.80993;1
10466;0;Via Guglielmo Marconi, 1;PADRE PIO;-;3010;60078;TORRE CAJETANI;-;60;FR;FROSINONE;120;LAZIO;01/01/2005;31/12/2007;Ordinaria;1;41.78947;13.26252;1
10467;0;Corso Castrucci, 4;LAVALLE MARIA ELENA;2157940608;3041;60004;ALVITO;-;60;FR;FROSINONE;120;LAZIO;01/01/2005;-;Ordinaria;1;41.69018;13.74726;1
10468;0;Via dei Mille, 1;CORCIONE BIANCA;-;3030;60052;PIEDIMONTE SAN GERMANO;-;60;FR;FROSINONE;120;LAZIO;01/01/2005;31/05/2009;Ordinaria;1;41.48462;13.74953;1
10469;0;Via Piagge, 8;PADRE PIO-CIOTTI MASSIMO;2152970600;3010;60053;PIGLIO;-;60;FR;FROSINONE;120;LAZIO;01/01/2005;-;Ordinaria;1;41.83446;13.16467;1
10470;0;Viale XXI aprile, 2/E;NUOVA;2302560608;3029;60085;VEROLI;-;60;FR;FROSINONE;120;LAZIO;01/04/2010;-;Ordinaria;1;41.71893;13.44934;1
10471;0;Via Nuova Cartiera;PERRINI ASSUNTINA;2164630606;3049;60068;SANT'ELIA FIUMERAPIDO;-;60;FR;FROSINONE;120;LAZIO;01/04/2007;-;Ordinaria;1;41.52852;13.85241;1
10472;0;Piazzale Vienna;CAVONI PANTANO LUCIO;278170600;3100;60038;FROSINONE;-;60;FR;FROSINONE;120;LAZIO;01/01/2005;-;Ordinaria;1;41.63455;13.33137;1
10473;0;Via Casilina;REALE CARLA;-;3030;60027;COLFELICE;-;60;FR;FROSINONE;120;LAZIO;01/01/2005;31/03/2007;Ordinaria;1;41.5424;13.59932;1
10474;0;Via Giacomo Matteotti;FARMACIA SAN MICHELE SNC;-;3023;60024;CECCANO;-;60;FR;FROSINONE;120;LAZIO;01/01/2005;30/09/2010;Ordinaria;1;41.56825;13.32101;1
10475;0;Via Gentile, 5;PAPETTI MARIA;-;3020;60090;VILLA SANTO STEFANO;-;60;FR;FROSINONE;120;LAZIO;01/01/2005;31/08/2010;Ordinaria;1;41.50958;13.31351;1
10476;0;Via Casilina Sud, 172;ARRABITO RITA;6344781007;3013;60033;FERENTINO;-;60;FR;FROSINONE;120;LAZIO;01/01/2005;-;Ordinaria;1;41.68495;13.27516;1
10477;0;Via Marittima;PALLESCHI MARIA;2204920603;3100;60038;FROSINONE;-;60;FR;FROSINONE;120;LAZIO;01/01/2005;-;Ordinaria;1;41.63386;13.33703;1
10478;0;VIA Farnese Nord, 22;SAN TOMMASO DI CIACCARELLI  VIRGILIO SAS;2566660607;3020;60051;PICO;-;60;FR;FROSINONE;120;LAZIO;01/03/2013;-;Ordinaria;1;41.45082;13.55961;1
10479;0;Via XX Settembre, 11;CAPORUSSO DR. PATRIZIO;2662850607;3045;60031;ESPERIA;-;60;FR;FROSINONE;120;LAZIO;01/03/2015;-;Ordinaria;1;41.37782;13.64815;1
10480;0;Via Roma, 43;SANT'ANDREA DEL GARIGLIANO SNC;-;3040;60066;SANT'ANDREA DEL GARIGLIANO;-;60;FR;FROSINONE;120;LAZIO;01/01/2005;31/08/2010;Ordinaria;1;41.36707;13.84109;1
10481;0;Via Tartaralta, 25;MORELLI SNC;2227290604;3012;60006;ANAGNI;-;60;FR;FROSINONE;120;LAZIO;01/03/2015;-;Ordinaria;1;41.74472;13.15269;1
10482;0;Corso Tulliano, 3;BATTILORO TEODORICO;2267940605;3033;60010;ARPINO;-;60;FR;FROSINONE;120;LAZIO;01/01/2005;-;Ordinaria;1;41.6464;13.62474;1
10483;0;Via Madonna della Pace, 126;MADONNA DELLA PACE SAS;2276150600;3023;60024;CECCANO;-;60;FR;FROSINONE;120;LAZIO;01/09/2010;-;Ordinaria;1;41.56735;13.33051;1
10484;0;Via del Golf, 12;DUE PINI DR.SSA GALLI MARIA ROSARIA;9930290581;194;58091;ROMA;-;58;RM;ROMA;120;LAZIO;01/01/2005;31/12/2007;Ordinaria;1;41.94408;12.46198;1
10485;0;Via Casal del Marmo, 368-370;COMUNALE PALMAROLA;7511241007;135;58091;ROMA;-;58;RM;ROMA;120;LAZIO;01/01/2005;31/08/2007;Ordinaria;1;41.92368;12.57115;1
16413;0;Via Vicenza, 21G;CAPPUCCINI;-;1100;56059;VITERBO;-;56;VT;VITERBO;120;LAZIO;01/01/2005;31/03/2010;Ordinaria;1;42.41982;12.11286;1
16414;0;Piazza Giuseppe Verdi, 1/a;MONTALBOLDI SNC;838140564;1100;56059;VITERBO;-;56;VT;VITERBO;120;LAZIO;01/01/2005;-;Ordinaria;1;42.4207;12.10799;1
16421;0;Via XXIV Maggio;DISPENSARIO MIRI SEYED JAVAD;-;20;58014;CAMERATA NUOVA;-;58;RM;ROMA;120;LAZIO;01/05/2011;-;Dispensario;3;41.98948;13.15748;1
16477;0;VIALE RONALDO VIGNALI, 66;COM.LE  FARMACAP BRUNO PELIZZI;5903241007;173;58091;ROMA;-;58;RM;ROMA;120;LAZIO;01/09/2007;-;Ordinaria;1;41.90151;12.46077;1
16576;0;Via dei Faggi, 1;ESA SRL - SOCIETA' UNIPERSONALE DEL COMUNE DI ANGULLARA SABAZIA;2120471004;61;58005;ANGUILLARA SABAZIA;-;58;RM;ROMA;120;LAZIO;01/01/2005;28/02/2013;Ordinaria;1;42.02338;12.23357;1
16596;0;Via del Pavone, 52;PANETTA DR. ANTONIO;12451621002;63;58015;CAMPAGNANO DI ROMA;-;58;RM;ROMA;120;LAZIO;01/05/2015;-;Ordinaria;1;42.14073;12.38322;1
16696;0;Via Francesco Gianelli, snc;PHARMANEPI SRL;1687200566;1036;56039;NEPI;-;56;VT;VITERBO;120;LAZIO;01/01/2005;-;Ordinaria;1;42.2232;12.33272;1
16737;0;VIA STAZIONE, 4;STAZIONE SPA;2381400601;3013;60033;FERENTINO;-;60;FR;FROSINONE;120;LAZIO;01/06/2010;-;Ordinaria;1;41.69474;13.24833;1
16739;0;Via Vittorio Alfieri, 65;COMUNALE CEPRANO;613310606;3024;60025;CEPRANO;-;60;FR;FROSINONE;120;LAZIO;01/01/2005;-;Ordinaria;1;41.54672;13.49806;1
16743;0;Via A. De Gasperi, 68;AGROVERDE FARMA SRL COMUNALE;2007020593;4011;59001;APRILIA;-;59;LT;LATINA;120;LAZIO;01/01/2005;-;Ordinaria;1;41.5942;12.64858;1
16758;0;VIA LA CONA,  1;"FARM. COMUNALE PALIANO ""AMEA""";-;3018;60046;PALIANO;-;60;FR;FROSINONE;120;LAZIO;01/01/2005;-;Ordinaria;1;41.78468;13.05229;1
16759;0;Via Sordella, 15;FARMACIA COMUNALE;2112880600;3044;60026;CERVARO;-;60;FR;FROSINONE;120;LAZIO;01/01/2005;-;Ordinaria;1;41.48112;13.90511;1
16760;0;VIA STAZIONE SUPINO,112;COMUNALE N.2 FERENTINO STAZIONE;229230602;3013;60033;FERENTINO;-;60;FR;FROSINONE;120;LAZIO;01/01/2005;-;Ordinaria;1;41.69474;13.24833;1
16770;0;Via Casilina km 27,7;COMUNALE SAN CESAREO;-;30;58119;SAN CESAREO;-;58;RM;ROMA;120;LAZIO;01/01/2005;30/06/2007;Ordinaria;1;41.81822;12.81601;1
16771;0;Lungomare delle Sirene, 404;POMEZIA SERVIZI SPA - COMUNALE 5;-;40;58079;POMEZIA;TORVAIANICA;58;RM;ROMA;120;LAZIO;01/04/2013;-;Ordinaria;1;41.66282;12.50551;1
16772;0;Via Tiberina, 2/D;COMUNALE CASTELNUOVO DI PORTO;-;60;58024;CASTELNUOVO DI PORTO;-;58;RM;ROMA;120;LAZIO;01/01/2005;-;Ordinaria;1;42.09424;12.56579;1
16773;0;Via Bari, 72 Ang. Via Suor M.T. Spinelli;COMUNALE N.7 LADISPOLI;-;55;58116;LADISPOLI;-;58;RM;ROMA;120;LAZIO;01/01/2005;-;Ordinaria;1;41.95433;12.09879;1
16774;0;Via Antonio Mantegna, 1;COMUNALE 9 ZAGAROLO;2315031001;39;58114;ZAGAROLO;-;58;RM;ROMA;120;LAZIO;01/07/2007;-;Ordinaria;1;41.85383;12.79459;1
16954;0;Corso Umberto I, 75;NOVIELLO;1789830609;3010;60002;ACUTO;-;60;FR;FROSINONE;120;LAZIO;01/03/2013;-;Ordinaria;1;41.79192;13.17184;1
16968;0;Via Quattrucci, 15-17;PA.GA. SNC DEI DOTTORI PACE NINI' MIRELLA E GAGLIANO LUIGI;-;46;58046;GROTTAFERRATA;-;58;RM;ROMA;120;LAZIO;01/03/2013;-;Ordinaria;1;41.78245;12.68357;1
16981;0;Piazza del Mercato, 15;BARRILE CONCETTA;7559821009;20;58109;VALLINFREDA;-;58;RM;ROMA;120;LAZIO;01/01/2005;-;Ordinaria;1;42.08428;12.99661;1
16990;0;Via XXIV Maggio, 18;EREDI DI TOCCO FRANCESCO;144430717;3037;60056;PONTECORVO;-;60;FR;FROSINONE;120;LAZIO;01/01/2005;30/06/2007;Ordinaria;1;41.44817;13.64499;1
17027;0;VIA Martiri delle fosse Reatine;COMUNALE BELLA NAPOLI;852040575;2100;57059;RIETI;-;57;RI;RIETI;120;LAZIO;01/06/2009;-;Ordinaria;1;42.40704;12.85139;1
17028;0;Via Don Mario D'Aquilio, snc;COMUNALE BELLA NAPOLI;-;2100;57016;CITTADUCALE;SANTA RUFINA;57;RI;RIETI;120;LAZIO;01/01/2005;-;Ordinaria;1;42.38851;12.95161;1
17030;0;Via Maremmana Superiore snc;COMUNALE OLEVANO ROMANO 2;-;35;58073;OLEVANO ROMANO;-;58;RM;ROMA;120;LAZIO;01/01/2005;30/06/2007;Ordinaria;1;41.86062;13.03309;1
17031;0;VIA NETTUNENSE KM. 4,800;COMUNALE N.7 QUATTROSTRADE;2315031001;40;58022;CASTEL GANDOLFO;PAVONA;58;RM;ROMA;120;LAZIO;01/01/2005;28/02/2013;Ordinaria;1;41.74751;12.65033;1
17056;0;Via Sopportico, 10;CEDRONE PIETRO;-;3030;60017;CASALATTICO;-;60;FR;FROSINONE;120;LAZIO;01/01/2005;31/08/2010;Ordinaria;1;41.60438;13.72755;1
17098;0;PIAZZA CAMPO GRAZIANO, 37;COMUNALE LA QUERCIA;1733690562;1030;56059;VITERBO;LA QUERCIA;56;VT;VITERBO;120;LAZIO;01/01/2005;28/02/2013;Ordinaria;1;42.43017;12.12764;1
17099;0;Piazza Gramsci, 4;COMUNALE BORGO - MONTELIBRETTI;5843451005;10;58063;MONTELIBRETTI;-;58;RM;ROMA;120;LAZIO;01/01/2005;-;Ordinaria;1;42.15294;12.67896;1
17125;0;Via Terni, 23;SASSACCI DELLA DR.SSA ANNA MARIA VERSACE;8000651003;1033;56021;CIVITA CASTELLANA;-;56;VT;VITERBO;120;LAZIO;01/01/2005;-;Ordinaria;1;42.30207;12.43846;1
17186;0;Via Costaroni, 63;COMUNALE MONTEROTONDO N.6;-;60;58081;RIANO;-;58;RM;ROMA;120;LAZIO;01/01/2005;-;Ordinaria;1;42.08494;12.54856;1
17196;0;Piazza Europa, 53;COMUNALE VETRALLA SANITAS SRL;1785730563;1010;56057;VETRALLA;Tre Croci;56;VT;VITERBO;120;LAZIO;01/01/2005;-;Ordinaria;1;42.3124;12.02584;1
17216;0;Via Fontana Unica, 90;DELLA STAZIONE;70700604;3100;60038;FROSINONE;-;60;FR;FROSINONE;120;LAZIO;01/01/2015;-;Ordinaria;1;41.62727;13.33013;1
17224;0;Via di Torrevecchia, 555-557;COM.LE FARMACAP PIETRO BEMBO;5798621008;168;58091;ROMA;-;58;RM;ROMA;120;LAZIO;01/01/2005;31/08/2007;Ordinaria;1;41.92491;12.4139;1
17227;0;Corso Volsci, 47;SAVOIA GIANNI;1562910602;3039;60074;SORA;-;60;FR;FROSINONE;120;LAZIO;01/01/2005;-;Ordinaria;1;41.72051;13.61427;1
17242;0;Via Piave, 20;FISCHETTI ANTONIO & C. SNC;2615640600;3030;60060;ROCCASECCA;ROCCASECCA SCALO;60;FR;FROSINONE;120;LAZIO;01/04/2010;-;Ordinaria;1;41.53388;13.65106;1
17252;0;Via Ottone Fattiboni, 206;COMUNALE FARMACAP NUOVO DRAGONCELLO;5903241007;126;58091;ROMA;ACILIA;58;RM;ROMA;120;LAZIO;01/09/2007;-;Ordinaria;1;41.78605;12.34672;1
17253;0;Viale G. Cervi, 14/30;COMUNALE FARMACAP BORGATA FIDENE;5903241007;139;58091;ROMA;-;58;RM;ROMA;120;LAZIO;01/09/2007;-;Ordinaria;1;41.92368;12.57115;1
17254;0;Piazza Valchera, 6;SORDA FRANCESCO SAVERIO;-;3100;60038;FROSINONE;-;60;FR;FROSINONE;120;LAZIO;01/01/2005;31/12/2007;Ordinaria;1;41.63455;13.33137;1
17255;0;Via dei Laghi, 55;ASP SPA - COMUNALE 5;2315031001;43;58118;CIAMPINO;-;58;RM;ROMA;120;LAZIO;01/04/2013;-;Ordinaria;1;41.78809;12.6105;1
17256;0;Via dell'Acqua Cetosa, 72;COMUNALE 8 CIAMPINO;2315031001;43;58118;CIAMPINO;-;58;RM;ROMA;120;LAZIO;01/07/2007;-;Ordinaria;1;41.79433;12.61516;1
17257;0;Via Marino Ghetaldi, 24;COMUNALE FARMACAP DIVISIONE TORINO;5903241007;143;58091;ROMA;-;58;RM;ROMA;120;LAZIO;01/04/2013;-;Ordinaria;1;41.81816;12.48929;1
17258;0;Via Gasperina, 232/236;COMUNALE FARMACAP GASPERINA DR. NATALE ZADINI;5903241007;173;58091;ROMA;-;58;RM;ROMA;120;LAZIO;01/04/2013;-;Ordinaria;1;41.8331;12.59996;1
17260;0;Viale Cortina D'Ampezzo, 317;COMUNALE FARMACAP MARIO FANI;6911510581;135;58091;ROMA;-;58;RM;ROMA;120;LAZIO;01/01/2005;31/08/2007;Ordinaria;1;41.94792;12.44325;1
17262;0;Via Ginosa, 24;FARMACAP - COMUNALE PRATO FIORITO - PONTE DI NONA;5903241007;132;58091;ROMA;-;58;RM;ROMA;120;LAZIO;01/09/2007;31/03/2013;Ordinaria;1;41.88602;12.66917;1
17268;0;Via San Giuseppe;MASTROMATTEI PIETRO;-;3036;60043;ISOLA DEL LIRI;-;60;FR;FROSINONE;120;LAZIO;01/01/2005;30/09/2009;Ordinaria;1;41.68622;13.5823;1
17269;0;Via di Tor San Giovanni, 167-169;COMUNALE FARMACAP LA CINQUINA;6871950587;139;58091;ROMA;-;58;RM;ROMA;120;LAZIO;01/01/2005;31/08/2007;Ordinaria;1;41.98001;12.5611;1
17272;0;Via Casilina, 170;SANT'AGATA SPA;-;3013;60033;FERENTINO;-;60;FR;FROSINONE;120;LAZIO;01/01/2005;31/08/2010;Ordinaria;1;41.70092;13.22953;1
17298;0;Via Cesare Maccari, 312;SANSONI GERVASIO;861790582;125;58091;ROMA;ACILIA;58;RM;ROMA;120;LAZIO;01/04/2007;30/06/2007;Ordinaria;1;41.77428;12.35769;1
17314;0;Via Petralia Sottana, 55;COMUNALE GRIMALDI;7293750589;132;58091;ROMA;-;58;RM;ROMA;120;LAZIO;01/04/2007;31/08/2007;Ordinaria;1;41.92368;12.57115;1
17318;0;Via delle Azzorre, 302-304;FARMACIA AZZORRE Dr. PASANISI GIANLUCA;6659531005;121;58091;ROMA;LIDO DI OSTIA;58;RM;ROMA;120;LAZIO;01/04/2007;-;Ordinaria;1;41..74;12.26641;1
17322;0;Via Giacomo Caneva, 15/17;FARMACAP - COM.LE ANNUNZIATELLA II;6451830589;142;58091;ROMA;-;58;RM;ROMA;120;LAZIO;01/04/2007;31/08/2007;Ordinaria;1;41.92368;12.57115;1
17323;0;Via Martoglio - Ang. Via Testoni;RATUIS ANNAMARIA;158950808;4011;59001;APRILIA;-;59;LT;LATINA;120;LAZIO;01/10/2010;28/02/2013;Ordinaria;1;41.5944;12.65603;1
17329;0;Via Furbara sasso, 75;MULTISERVIZI CAERITE FARMACIA N. 4;-;52;58029;CERVETERI;-;58;RM;ROMA;120;LAZIO;01/01/2005;31/12/2007;Ordinaria;1;42..01;12.02364;1
17336;0;Via La sassa, snc;SOCIOSANITARIA SONNINESE SRL;2329330597;4010;59029;SONNINO;SONNINO SCALO;59;LT;LATINA;120;LAZIO;01/09/2010;-;Ordinaria;1;41.40101;13.23397;1
17354;0;Via delle Canarie, 40-42-44 Ang. Via Baleari, 74;COMUNALE FARMACAP DELLE ANTILLE;-;121;58091;ROMA;LIDO DI OSTIA;58;RM;ROMA;120;LAZIO;01/01/2005;31/08/2007;Ordinaria;1;41.92368;12.57115;1
17524;0;Via Vittorio De Sica, 32;OLGIATA SNC Dr.i Picchioni Massimo e Paolo;8528381000;123;58091;ROMA;-;58;RM;ROMA;120;LAZIO;01/04/2007;-;Ordinaria;1;42.02144;12.37474;1
17835;0;Corso Regina Margherita, 50;DISPENSARIO FARMACEUTICO;-;1020;56044;PROCENO;-;56;VT;VITERBO;120;LAZIO;01/07/2007;-;Dispensario;3;42.78421;11.80251;1
17836;0;Via DEI GINEPRI 16;BORDI RAFFAELE;47240577;2017;57059;RIETI;MONTE TERMINILLO;57;RI;RIETI;120;LAZIO;01/09/2009;-;Ordinaria;1;42.40704;12.85139;1
17924;0;Via Firenze snc;COMUNALE DI TERRACINA;-;4019;59032;TERRACINA;-;59;LT;LATINA;120;LAZIO;01/06/2006;31/08/2010;Ordinaria;1;41.31583;13.19094;1
17943;0;Viale Bruno Buozzi, 58;AZIENDA PLURISERVIZI MONTEROTONDO - COMUNALE 5;-;15;58065;MONTEROTONDO;-;58;RM;ROMA;120;LAZIO;01/06/2006;-;Ordinaria;1;42.05005;12.62312;1
17983;0;Via Anticoli Corrado, 37/c;VITILLO ANTONIO;9053831005;12;58047;GUIDONIA MONTECELIO;-;58;RM;ROMA;120;LAZIO;01/04/2007;-;Ordinaria;1;41.98134;12.70358;1
17984;0;Via Oslo, 15;S. GIORGIO Dr.ssa Cardei Barbara;-;144;58091;ROMA;-;58;RM;ROMA;120;LAZIO;01/04/2007;31/12/2007;Ordinaria;1;41.80313;12.3069;1
17990;0;Via Lucio Lombardo Radice, 38;SAN PIETRO;8861751009;143;58091;ROMA;-;58;RM;ROMA;120;LAZIO;01/04/2007;-;Ordinaria;1;41.79423;12.48673;1
17993;0;Via Frascati, 193;AVALLONE ALBERTO;9065201007;40;58086;ROCCA DI PAPA;-;58;RM;ROMA;120;LAZIO;01/04/2007;-;Ordinaria;1;41.75357;12.73606;1
17994;0;Via dei Platani, 17 - 17/A;MANTONI PANIMOLLE DELLA DR.SSA MANTONI PAOLA E DEL DR.SERGIO PANIMOLLE;10880221006;13;58122;FONTE NUOVA;-;58;RM;ROMA;120;LAZIO;01/06/2010;-;Ordinaria;1;42.00274;12.63576;1
18001;0;Via Piemonte, 18;COMUNALE SORA SPA;-;3039;60074;SORA;-;60;FR;FROSINONE;120;LAZIO;01/04/2007;-;Ordinaria;1;41.71707;13.61382;1
18013;0;Via Landi, 57;PIRILLO MARIA CRISTINA;-;45;58043;GENZANO DI ROMA;-;58;RM;ROMA;120;LAZIO;01/07/2007;31/08/2010;Ordinaria;1;41.65873;12.72231;1
18019;0;Via Parigi, 39;ARMENIO FAUSTO;-;55;58116;LADISPOLI;-;58;RM;ROMA;120;LAZIO;01/04/2007;30/06/2007;Ordinaria;1;41.95954;12.08719;1
18034;0;Via San Giacomo, 70;FIERAMONTI;-;48;58072;NETTUNO;-;58;RM;ROMA;120;LAZIO;01/07/2007;-;Ordinaria;1;41.46818;12.65088;1
18051;0;Via Botticelli, 32/40;FARMACIA EUROPA;-;3043;60019;CASSINO;-;60;FR;FROSINONE;120;LAZIO;01/07/2007;31/05/2008;Ordinaria;1;41.49352;13.83792;1
18053;0;Via tiberina, 33;LAPUCCI LORENZINA;-;65;58036;FIANO ROMANO;-;58;RM;ROMA;120;LAZIO;01/07/2007;31/07/2007;Ordinaria;1;42.15199;12.59261;1
18056;0;Via Milano, 2;FERONIA SAS DEL DR. MARIO COVIELLO E C.;12142431001;65;58036;FIANO ROMANO;-;58;RM;ROMA;120;LAZIO;01/02/2013;-;Ordinaria;1;42.17026;12.59225;1
18075;0;LUNGOTEVERE CASTELLO, 2;FARMACIA ASSISTENZIALE A.N.M.I.G.;2114911007;193;58091;ROMA;-;58;RM;ROMA;120;LAZIO;01/07/2007;-;Ordinaria;1;41.90292;12.46988;1
18083;0;VIA NETTUNENSE KM. 4,800;FARMACIA COMUNALE N. 7;2315031001;40;58102;SEGNI;PAVONANO;58;RM;ROMA;120;LAZIO;01/08/2007;31/10/2007;Ordinaria;1;41.69089;13.01884;1
18103;0;Via M. Pelagalli, 81;FARMACIA PRATOCAVALIERI;-;52;58029;CERVETERI;-;58;RM;ROMA;120;LAZIO;01/09/2007;31/10/2007;Ordinaria;1;41.99157;12.09142;1
18115;0;Largo della Primavera, 16/C;FARMACAP - COM.LE PRIMAVERA;5903241007;171;58091;ROMA;-;58;RM;ROMA;120;LAZIO;01/08/2007;-;Ordinaria;1;41.92368;12.57115;1
18116;0;Corso della Repubblica, 1;AZIENDA SPECIALE VELLETRI COMUNALE 1;6679251006;49;58111;VELLETRI;-;58;RM;ROMA;120;LAZIO;01/08/2007;-;Ordinaria;1;41.68969;12.77908;1
18123;0;Via Laurentina, 25/C;RIO VERDE;2486760842;40;58117;ARDEA;-;58;RM;ROMA;120;LAZIO;01/09/2007;-;Ordinaria;1;41.60986;12.53986;1
18141;0;Via Vecchia di Velletri, 10;CAMPI DI ANNIBALE - FARMACIA COMUNALE;-;40;58086;ROCCA DI PAPA;-;58;RM;ROMA;120;LAZIO;01/11/2007;28/02/2013;Ordinaria;1;41.76644;12.68339;1
18143;0;Via M.Migliarini, 49;DISPENSARIO FARMACAP GREGNA S. ANDREA;5903241007;173;58091;ROMA;-;58;RM;ROMA;120;LAZIO;01/11/2007;-;Dispensario;3;41.82796;12.58761;1
18148;0;via Garibaldi 69/71;FARMACAP MESSI D'ORO;5903241007;156;58091;ROMA;-;58;RM;ROMA;120;LAZIO;01/11/2007;28/02/2013;Ordinaria;1;42.47543;12.87657;1
18154;0;Via Circonvallazione Appia, 49;COMUNALE 3 VELLETRI;6679251006;49;58111;VELLETRI;-;58;RM;ROMA;120;LAZIO;01/07/2008;28/02/2013;Ordinaria;1;41.66318;12.76837;1
18167;0;Piazza dei Caduti, 18;FARMACIA DI CANEPINA;-;1030;56011;CANEPINA;-;56;VT;VITERBO;120;LAZIO;01/12/2007;30/04/2013;Ordinaria;1;42.37954;12.21763;1
18173;0;Via Pietro Marchisio, 91-97;FARMACAP - COM.LE SANTA MAURA;5903241007;173;58091;ROMA;-;58;RM;ROMA;120;LAZIO;01/12/2007;-;Ordinaria;1;41.8496;12.58915;1
18194;0;Via Tiburtina, 348;ANGELINI;10873900582;157;58091;ROMA;-;58;RM;ROMA;120;LAZIO;01/01/2008;-;Ordinaria;1;41.93305;12.59934;1
18205;0;Viale Segni, snc;SAN BARTOLOMEO;9743431000;3043;60019;CASSINO;-;60;FR;FROSINONE;120;LAZIO;01/03/2013;-;Ordinaria;1;41.49086;13.83333;1
18217;0;Piazza di Corte, 6;BURCHERI ROBERTA ILARIA;-;40;58009;ARICCIA;-;58;RM;ROMA;120;LAZIO;01/04/2008;31/08/2008;Ordinaria;1;41.70491;12.66109;1
18226;0;Viale Egidio Galbani, 69/71;FARMACAP - COM.LE MESSI D'ORO;-;156;58091;ROMA;-;58;RM;ROMA;120;LAZIO;01/05/2008;-;Ordinaria;1;41.93205;12.55937;1
18228;0;Largo San Lorenzo, 1;TOR SAN LORENZO;9864501003;40;58117;ARDEA;-;58;RM;ROMA;120;LAZIO;01/05/2008;30/06/2012;Ordinaria;1;41.61206;12.55329;1
18239;0;Via dei Castelli Romani, 2/1;CORSI RITA;1023630575;40;58079;POMEZIA;-;58;RM;ROMA;120;LAZIO;01/03/2013;-;Ordinaria;1;41.6774;12.49975;1
18244;0;Via Licinio Refice, 138;MASTRANGELI;2514940606;3100;60038;FROSINONE;-;60;FR;FROSINONE;120;LAZIO;01/05/2008;-;Ordinaria;1;41.63455;13.33137;1
18248;0;Via del Palombaro, snc;COMUNALE MONTALTO;-;1014;56035;MONTALTO DI CASTRO;-;56;VT;VITERBO;120;LAZIO;01/06/2008;28/02/2013;Ordinaria;1;42.35157;11.60701;1
18261;0;Via Valle, 52;CONTI REMO;-;3011;60003;ALATRI;-;60;FR;FROSINONE;120;LAZIO;01/09/2008;-;Ordinaria;1;41.73062;13.3402;1
18273;0;Viale Nuova Florida, 111;COMUNALE NUOVA FLORIDA;2300511009;40;58117;ARDEA;NUOVA FLORIDA;58;RM;ROMA;120;LAZIO;01/09/2008;28/02/2013;Ordinaria;1;41.61166;12.5112;1
18278;0;Via Settevene Paolo, 81E/F;ASM CAERITE SPA - COM.LE 5 CERVETERI;-;52;58029;CERVETERI;-;58;RM;ROMA;120;LAZIO;01/03/2013;-;Ordinaria;1;42.00956;12.09569;1
18283;0;Via C.Goldoni, 17;COMUNALE;6905571003;10;58122;FONTE NUOVA;-;58;RM;ROMA;120;LAZIO;01/12/2008;28/02/2013;Ordinaria;1;42.00274;12.63576;1
18286;0;Piazza Vittorio Emanuele, 14;FARMARIGNANO;9918751000;68;58082;RIGNANO FLAMINIO;-;58;RM;ROMA;120;LAZIO;01/12/2008;-;Ordinaria;1;42.21001;12.48112;1
18316;0;Via Palermo, 18/a;COMUNALE 6 CIAMPINO;2315031001;43;58118;CIAMPINO;-;58;RM;ROMA;120;LAZIO;01/03/2009;-;Ordinaria;1;41.79617;12.60938;1
18317;0;Statale Maremmana, 32;SAN GASPARE DEL BUFALO SRL Dr. Nicotra Francesco Placido;10091791003;10;58056;MARCELLINA;-;58;RM;ROMA;120;LAZIO;01/03/2009;31/03/2013;Ordinaria;1;42.02372;12.80634;1
18329;0;SS 155, 37;COLLELAVENA DR. ACETO GIUSEPPE;327530606;3011;60003;ALATRI;-;60;FR;FROSINONE;120;LAZIO;01/03/2009;31/03/2013;Ordinaria;1;41.72711;13.34234;1
18337;0;Via Quattro Strade, 90/bis;FARMACIA MANDRUCCOLO GIUSEPPE & C. S.A.S.;2570180600;3010;60048;PATRICA;-;60;FR;FROSINONE;120;LAZIO;01/03/2009;-;Ordinaria;1;41.59168;13.24275;1
18357;0;Via Diego Angeli, 59;FARMACAP - COMUNALE FORTE TIBURTINO;5903241007;159;58091;ROMA;-;58;RM;ROMA;120;LAZIO;01/04/2013;-;Ordinaria;1;42.26152;12.15541;1
18360;0;Viale Kennedy, 42;COMUNALE N. 2;97020598;4100;59011;LATINA;-;59;LT;LATINA;120;LAZIO;01/07/2009;31/03/2013;Ordinaria;1;41.46635;12.87783;1
18365;0;Via Colle Stretto, 4;COMUNALE FARMASABINA AZIENDA SPECIALE;1174561007;18;58075;PALOMBARA SABINA;-;58;RM;ROMA;120;LAZIO;01/02/2013;-;Ordinaria;1;42.09087;12.77462;1
18367;0;Via Roma, 37;PAOLACCI LUCIANA;-;3046;60062;SAN DONATO VAL DI COMINO;-;60;FR;FROSINONE;120;LAZIO;01/07/2009;31/08/2014;Ordinaria;1;41.71545;13.80993;1
18382;0;Via Della Moletta, 1;CONTENTA FRANCESCO;10335171004;40;58117;ARDEA;-;58;RM;ROMA;120;LAZIO;01/08/2009;-;Ordinaria;1;41.61206;12.55329;1
18392;0;Via Calabria, 6;SACRIPANTI MARIA GRAZIA;1824050601;4010;59023;ROCCASECCA DEI VOLSCI;-;59;LT;LATINA;120;LAZIO;01/04/2010;31/07/2010;Ordinaria;1;41.464;13.22701;1
18395;0;Via A. Millevoi, 37;BARBERINI Dr.i Gangemi Antonio e Rosa Snc;6096301004;143;58091;ROMA;-;58;RM;ROMA;120;LAZIO;01/04/2013;-;Ordinaria;1;41.90418;12.48878;1
18396;0;Via Don Primo Mazzolari, 220;FARMACIE MARCONI SAS DI MARCONI MARIA PIA - PONTE DI NONA;9657681004;132;58091;ROMA;-;58;RM;ROMA;120;LAZIO;01/11/2009;-;Ordinaria;1;41.89613;12.67292;1
18401;0;Via Macchia Saponara, 90;FARMACIA AXA DR. CRIMI VINCENZO;-;125;58091;ROMA;Axa;58;RM;ROMA;120;LAZIO;01/01/2010;31/10/2011;Ordinaria;1;42.08565;12.52297;1
18408;0;Via Dello Sport, 13;PERONDI;-;2021;57007;BORGOROSE;Corvaro;57;RI;RIETI;120;LAZIO;01/01/2010;30/11/2011;Ordinaria;1;42.19112;13.23288;1
18433;0;Viale Bramante, 49;COMUNALE PORTO L. 23;2305601003;54;58120;FIUMICINO;-;58;RM;ROMA;120;LAZIO;01/02/2010;31/08/2010;Ordinaria;1;41.79796;12.29698;1
18434;0;Via Portuense, 2488;FARMACIA DEI PORTUENSI CARPENTIERO DOTT. ANTONIO;947630620;54;58120;FIUMICINO;-;58;RM;ROMA;120;LAZIO;01/02/2010;-;Ordinaria;1;41.79922;12.30471;1
18442;0;Piazza Narducci snc;COMUNALE DI MORLUPO SRL;10367311007;67;58068;MORLUPO;-;58;RM;ROMA;120;LAZIO;01/04/2010;28/02/2013;Ordinaria;1;42.14274;12.50521;1
18443;0;Via Velletri, 24;GE.SE.FARM;10181961003;31;58011;ARTENA;-;58;RM;ROMA;120;LAZIO;01/04/2010;28/02/2013;Ordinaria;1;41.7287;12.89429;1
18460;0;Via delle Fissurelle, 4;SAVINO DR.SSA TULLIA;10917031006;54;58120;FIUMICINO;FOCENE;58;RM;ROMA;120;LAZIO;01/03/2013;-;Ordinaria;1;41.81276;12.21581;1
18461;0;Via  Dei Bonificatori, 1;RINALDI;1632750707;4012;59005;CISTERNA DI LATINA;Borgo Flora;59;LT;LATINA;120;LAZIO;01/04/2010;28/02/2013;Ordinaria;1;41.57339;12.8375;1
18468;0;Via Flaminia, Km 33,600;RICCI LILIANA;10989831002;68;58082;RIGNANO FLAMINIO;-;58;RM;ROMA;120;LAZIO;01/03/2013;-;Ordinaria;1;42.21001;12.48112;1
18475;0;Via Palombarese, 429/A-B-C;BOSSO DANIELA;4519341210;13;58122;FONTE NUOVA;-;58;RM;ROMA;120;LAZIO;01/03/2013;-;Ordinaria;1;41.97108;12.61353;1
18477;0;Via Caselle Torinese, 1;"FARMACAP ""SELVA CANDIDA""";5903241007;166;58091;ROMA;-;58;RM;ROMA;120;LAZIO;01/06/2010;28/02/2013;Ordinaria;1;41.92134;12.3778;1
18483;0;Via Ternana, 72;PACE DR. MERCURIO VITTORIO DISPENSARIO;938170578;2047;57053;POGGIO MIRTETO;-;57;RI;RIETI;120;LAZIO;01/06/2010;-;Dispensario;3;42.2546;12.6381;1
18491;0;Via di Colle Caldara, 17;COMUNALE 4 VELLETRI;6679251006;49;58111;VELLETRI;-;58;RM;ROMA;120;LAZIO;01/07/2010;28/02/2013;Ordinaria;1;41.66318;12.76837;1
18494;0;Via delle Viole, 7;SCIARRA SAS DEL DOTT. GIUSEPPE SCIARRA;1165630680;12;58047;GUIDONIA MONTECELIO;-;58;RM;ROMA;120;LAZIO;01/03/2013;-;Ordinaria;1;41.98134;12.70358;1
18553;0;Via Roma, 88/A;COMUNALE 4 LADISPOLI;-;55;58116;LADISPOLI;-;58;RM;ROMA;120;LAZIO;01/11/2010;-;Ordinaria;1;41.95331;12.06705;1
18560;0;Via Roma, 10;CEFRAESPO SNC DISPENSARIO;963480579;2040;57038;MOMPEO;-;57;RI;RIETI;120;LAZIO;01/11/2010;-;Dispensario;3;42.24875;12.75163;1
18566;0;Piazza Garibaldi, 9;CAPOTOSTO ANNAMARIA;44530574;2046;57035;MAGLIANO SABINA;-;57;RI;RIETI;120;LAZIO;01/01/2011;30/06/2011;Ordinaria;1;42.36036;12.48824;1
18593;0;Via Ardeatina, 654;DISPENSARIO LIDO DEI PINI;2791600584;40;58007;ANZIO;LAVINIO;58;RM;ROMA;120;LAZIO;01/03/2011;-;Dispensario;3;41.46575;12.61097;1
18599;0;Via San Berardo dei Marsi, 1;FARINATO DR.SSA RITA MARIA ROSA;799680574;40;58117;ARDEA;-;58;RM;ROMA;120;LAZIO;01/05/2011;-;Ordinaria;1;41.60797;12.54326;1
18636;0;Via Di Santa Lucia, 118;COMUNALE DI FONTE NUOVA;6905571003;13;58122;FONTE NUOVA;-;58;RM;ROMA;120;LAZIO;01/08/2011;28/02/2013;Ordinaria;1;42.00274;12.63576;1
18650;0;Via Della Massimilla, 174/176;LOLLI LUCA;9509841004;166;58091;ROMA;-;58;RM;ROMA;120;LAZIO;01/03/2013;-;Ordinaria;1;41.92368;12.57115;1
18657;0;Via Porta Vecchia, 19/25;FARMACIA FARMAFABRICA SRL;1988630560;1034;56024;FABRICA DI ROMA;-;56;VT;VITERBO;120;LAZIO;01/01/2012;28/02/2013;Ordinaria;1;42.32641;12.32616;1
18672;0;Via Bonomi, 55;CELLUPICA MIRIAM;-;3039;60074;SORA;Loc. Carnello;60;FR;FROSINONE;120;LAZIO;01/03/2012;30/11/2014;Ordinaria;1;41.71885;13.61305;1
18689;0;Viale Micangeli, 14;BORGOROSE DR. PERNI PAOLA;828780577;2021;57007;BORGOROSE;-;57;RI;RIETI;120;LAZIO;01/05/2012;-;Ordinaria;1;42.19278;13.23354;1
18699;0;Via Prenestina Nuova KM 69,300;COMUNALE PALESTRINA;2315031001;30;58074;PALESTRINA;-;58;RM;ROMA;120;LAZIO;01/03/2013;-;Ordinaria;1;41.83834;12.88871;1
18718;0;Via Cancelliera, 4;CANCELLIERA DOTT. PIO BARTOLUCCI;322440603;41;58003;ALBANO LAZIALE;Cancelliera;58;RM;ROMA;120;LAZIO;01/10/2012;28/02/2013;Ordinaria;1;41.71127;12.6344;1
18765;0;Via Prenestina, 301//C;ASP SPA - PALESTRINA;2315031001;36;58074;PALESTRINA;-;58;RM;ROMA;120;LAZIO;01/12/2012;-;Ordinaria;1;41.83264;12.8841;1
18769;0;Via Prenestina Nuova, Km 7.2;COMUNALE ACQUA TRAVERSA SRL;11854531008;10;58040;GALLICANO NEL LAZIO;-;58;RM;ROMA;120;LAZIO;01/03/2013;-;Ordinaria;1;41.87083;12.82617;1
18851;0;Via del Mare, 34/4;POMEZIA SERVIZI SPA - COMUNALE 6;5275911005;40;58079;POMEZIA;-;58;RM;ROMA;120;LAZIO;01/08/2013;-;Ordinaria;1;41.67606;12.49872;1
18857;0;Via Isola Tocca snc;COMUNALE DI CERVARO;2351360603;3044;60026;CERVARO;-;60;FR;FROSINONE;120;LAZIO;01/10/2013;-;Ordinaria;1;41.48116;13.90511;1
18866;0;Via D.D. Jaconelli, 16/a;SAN BIAGIO SARACINISCO;2799370602;3040;60090;VILLA SANTO STEFANO;-;60;FR;FROSINONE;120;LAZIO;01/10/2013;-;Ordinaria;1;41.61292;13.92861;1
18870;0;Via Giuseppe Antonio Borgese, 5;FARMACAP - COM.LE CASTEL PORZIANO;5903241007;124;58091;ROMA;Infernetto;58;RM;ROMA;120;LAZIO;01/11/2013;-;Ordinaria;1;41.89326;12.48306;1
18871;0;Via Borgo San Nicola Snc;SANT'ELENA DR TERENZIO CASILLO;2788020606;3020;60047;PASTENA;-;60;FR;FROSINONE;120;LAZIO;01/11/2013;30/11/2013;Ordinaria;1;41.46824;13.49174;1
18879;0;Via Degli Olmetti 3/D;COMUNALE FORMELLO;2133841003;60;58038;FORMELLO;-;58;RM;ROMA;120;LAZIO;01/11/2013;-;Ordinaria;1;42.08252;12.40027;1
18891;0;Via Montevettore, 6;LOZZI DR.SSA ANNA;919200949;12;58047;GUIDONIA MONTECELIO;-;58;RM;ROMA;120;LAZIO;01/01/2014;-;Ordinaria;1;41.97939;12.61623;1
18894;0;Largo Jacopo Peri, 2;LESTRELLA DEL DOTT. FORASTIERI PIERLUCA;3273390785;4100;59011;LATINA;-;59;LT;LATINA;120;LAZIO;01/01/2014;-;Ordinaria;1;41.46726;12.90357;1
18899;0;Via Strada Vicinale dei Vignali, 28;COMUNALE DI ANGUILLARA SABAZIA;2120471004;61;58005;ANGUILLARA SABAZIA;-;58;RM;ROMA;120;LAZIO;01/02/2014;-;Ordinaria;1;42.08752;12.27667;1
18910;0;Viale Marconi, 27;MARCONI SNC SASSI E DEL PRETE;2746230594;4100;59011;LATINA;-;59;LT;LATINA;120;LAZIO;01/04/2014;31/05/2014;Ordinaria;1;41.46726;12.90357;1
18924;0;Contrada Vignola, 26;COMUNALE SANTA CHELIDONIA SRL;12761921001;28;58103;SUBIACO;-;58;RM;ROMA;120;LAZIO;01/06/2014;-;Ordinaria;1;41.92542;13.09409;1
18927;0;Via Empolitana Km 3,400;EMPOLITANA DR.SSA BUCELLA FERNANDA;12514131007;24;58023;CASTEL MADAMA;-;58;RM;ROMA;120;LAZIO;01/06/2014;-;Ordinaria;1;41.97352;12.86848;1
18937;0;Via Silvio Pellico, 51;COMUNALE 10 MARINO;5447451005;47;58057;MARINO;-;58;RM;ROMA;120;LAZIO;01/07/2014;-;Ordinaria;1;41.76959;12.65879;1
18945;0;Via Amerigo Chialastri;GRAZIANI D.SSA FRANCA;12776361003;33;58026;CAVE;-;58;RM;ROMA;120;LAZIO;01/08/2014;30/09/2014;Ordinaria;1;41.81672;12.93379;1
